-- phpMyAdmin SQL Dump
-- version 4.7.9
-- https://www.phpmyadmin.net/
--
-- Host: 127.0.0.1:3306
-- Generation Time: Jul 27, 2018 at 03:41 AM
-- Server version: 5.7.21
-- PHP Version: 7.2.4

SET SQL_MODE = "NO_AUTO_VALUE_ON_ZERO";
SET AUTOCOMMIT = 0;
START TRANSACTION;
SET time_zone = "+00:00";


/*!40101 SET @OLD_CHARACTER_SET_CLIENT=@@CHARACTER_SET_CLIENT */;
/*!40101 SET @OLD_CHARACTER_SET_RESULTS=@@CHARACTER_SET_RESULTS */;
/*!40101 SET @OLD_COLLATION_CONNECTION=@@COLLATION_CONNECTION */;
/*!40101 SET NAMES utf8mb4 */;

--
-- Database: `api_demo`
--

-- --------------------------------------------------------

--
-- Table structure for table `migrations`
--

DROP TABLE IF EXISTS `migrations`;
CREATE TABLE IF NOT EXISTS `migrations` (
  `id` int(10) UNSIGNED NOT NULL AUTO_INCREMENT,
  `migration` varchar(191) COLLATE utf8mb4_unicode_ci NOT NULL,
  `batch` int(11) NOT NULL,
  PRIMARY KEY (`id`)
) ENGINE=MyISAM AUTO_INCREMENT=12 DEFAULT CHARSET=utf8mb4 COLLATE=utf8mb4_unicode_ci;

--
-- Dumping data for table `migrations`
--

INSERT INTO `migrations` (`id`, `migration`, `batch`) VALUES
(8, '2014_10_12_000000_create_users_table', 1),
(9, '2014_10_12_100000_create_password_resets_table', 1),
(10, '2018_07_26_150452_create_products_table', 1),
(11, '2018_07_26_150510_create_reviews_table', 1);

-- --------------------------------------------------------

--
-- Table structure for table `password_resets`
--

DROP TABLE IF EXISTS `password_resets`;
CREATE TABLE IF NOT EXISTS `password_resets` (
  `email` varchar(191) COLLATE utf8mb4_unicode_ci NOT NULL,
  `token` varchar(191) COLLATE utf8mb4_unicode_ci NOT NULL,
  `created_at` timestamp NULL DEFAULT NULL,
  KEY `password_resets_email_index` (`email`)
) ENGINE=MyISAM DEFAULT CHARSET=utf8mb4 COLLATE=utf8mb4_unicode_ci;

-- --------------------------------------------------------

--
-- Table structure for table `products`
--

DROP TABLE IF EXISTS `products`;
CREATE TABLE IF NOT EXISTS `products` (
  `id` int(10) UNSIGNED NOT NULL AUTO_INCREMENT,
  `name` varchar(191) COLLATE utf8mb4_unicode_ci NOT NULL,
  `details` text COLLATE utf8mb4_unicode_ci NOT NULL,
  `price` int(11) NOT NULL,
  `stock` int(11) NOT NULL,
  `discount` int(11) NOT NULL,
  `created_at` timestamp NULL DEFAULT NULL,
  `updated_at` timestamp NULL DEFAULT NULL,
  PRIMARY KEY (`id`)
) ENGINE=MyISAM AUTO_INCREMENT=51 DEFAULT CHARSET=utf8mb4 COLLATE=utf8mb4_unicode_ci;

--
-- Dumping data for table `products`
--

INSERT INTO `products` (`id`, `name`, `details`, `price`, `stock`, `discount`, `created_at`, `updated_at`) VALUES
(1, 'iusto', 'Praesentium sunt quia qui aspernatur qui. Beatae quisquam quaerat provident et nobis.', 5693, 5, 7, '2018-07-26 11:37:23', '2018-07-26 11:37:23'),
(2, 'dicta', 'Odit qui fugiat nesciunt est nobis ad. Eligendi dolorem rerum voluptatem et et impedit illum. Quo explicabo exercitationem cum iste dolorem ex incidunt. Neque eius commodi eveniet. Odit aut voluptates aut vel id illo adipisci explicabo.', 4890, 1, 8, '2018-07-26 11:37:23', '2018-07-26 11:37:23'),
(3, 'eius', 'Incidunt eos rem velit consectetur placeat asperiores. Ullam deserunt in ut nesciunt necessitatibus praesentium. Aut vitae aut vel corporis sed.', 9005, 1, 23, '2018-07-26 11:37:23', '2018-07-26 11:37:23'),
(4, 'animi', 'Aut non velit vero magni nam et tenetur. Ullam velit esse sit facere ut debitis. Facere error id at ut. Aperiam consequatur et quod.', 9675, 8, 6, '2018-07-26 11:37:23', '2018-07-26 11:37:23'),
(5, 'ea', 'Dolor qui quibusdam quam eius est. Accusantium aspernatur et tenetur omnis qui. Aut quos aut ea. Veritatis qui est sit autem alias eligendi voluptate aliquid.', 4507, 3, 18, '2018-07-26 11:37:23', '2018-07-26 11:37:23'),
(6, 'sunt', 'Rerum officia aut veniam et totam veritatis id. Aut quam officia aliquam cum voluptas tempore. Quisquam molestiae sint vel recusandae voluptates soluta. Placeat laudantium sapiente est sit voluptates.', 6841, 7, 7, '2018-07-26 11:37:23', '2018-07-26 11:37:23'),
(7, 'hic', 'Non eligendi fugit beatae est aut ab. Ea est facilis similique sunt necessitatibus quibusdam ut. Fugit harum et dolorem.', 8036, 0, 23, '2018-07-26 11:37:23', '2018-07-26 11:37:23'),
(8, 'soluta', 'Hic quas ea totam eum eveniet qui voluptatem hic. Qui asperiores fugit iste recusandae iste exercitationem.', 6655, 9, 5, '2018-07-26 11:37:23', '2018-07-26 11:37:23'),
(9, 'animi', 'Quia et enim vero. Iste tenetur deleniti et odio voluptas assumenda quae. Provident accusantium veniam voluptatum ut quia. Voluptate vero reiciendis iusto occaecati ex rem et praesentium.', 7345, 5, 14, '2018-07-26 11:37:23', '2018-07-26 11:37:23'),
(10, 'repellat', 'Dolor numquam et suscipit repudiandae. Numquam quia in accusantium minus facilis voluptas placeat. Distinctio non corporis unde explicabo. Voluptas est amet ab pariatur illo ut iure.', 4869, 1, 21, '2018-07-26 11:37:23', '2018-07-26 11:37:23'),
(11, 'facere', 'Doloremque animi enim exercitationem voluptas quas similique. Voluptatem dolorum dolor repellat assumenda qui. Maxime blanditiis aut nulla ea a. Animi reiciendis ea autem consequatur qui culpa quo.', 9177, 9, 12, '2018-07-26 11:37:23', '2018-07-26 11:37:23'),
(12, 'ut', 'Dignissimos repudiandae inventore porro ut sint blanditiis. Quia numquam aperiam molestiae incidunt at maiores. Sunt aut impedit harum quo officiis culpa.', 2231, 1, 8, '2018-07-26 11:37:23', '2018-07-26 11:37:23'),
(13, 'voluptas', 'Dolor quibusdam possimus deleniti mollitia atque eum. Deserunt laboriosam aspernatur nulla. Fugit modi non velit error perferendis.', 8861, 1, 12, '2018-07-26 11:37:23', '2018-07-26 11:37:23'),
(14, 'vero', 'Id sint expedita ut aliquid repudiandae sunt facere voluptatem. Qui non et quibusdam illum officia aut. Sit qui aut officiis suscipit ex odio. Quod facilis molestias illum facilis sed est id.', 3693, 8, 18, '2018-07-26 11:37:23', '2018-07-26 11:37:23'),
(15, 'iure', 'Dolor sapiente et quia tenetur harum aspernatur nobis. Rem ullam inventore tenetur velit labore voluptatem sit ipsam. Consequatur modi blanditiis qui iure voluptatum. Rerum necessitatibus sint distinctio at.', 8264, 9, 6, '2018-07-26 11:37:23', '2018-07-26 11:37:23'),
(16, 'et', 'Quas quis dolor voluptas et voluptas. Dolores voluptates neque est dicta incidunt quis impedit. Voluptates dolorem quod similique voluptatem qui dolor voluptas. Cupiditate quo asperiores est enim ut culpa itaque.', 1527, 2, 19, '2018-07-26 11:37:23', '2018-07-26 11:37:23'),
(17, 'illum', 'Mollitia dignissimos fugit at. Blanditiis dicta eos illo reprehenderit laudantium eos. Consequuntur veritatis molestias quam provident et commodi. Ut quos mollitia nam assumenda ipsam. Officiis aut ipsam officia similique quo cumque.', 4491, 7, 20, '2018-07-26 11:37:23', '2018-07-26 11:37:23'),
(18, 'nemo', 'Praesentium mollitia ratione aspernatur laudantium at voluptatem tempore. Aut iure perspiciatis id et maiores eum. Consequatur inventore eveniet doloremque quia laboriosam. Repellendus debitis ipsam quasi eum dolorem maxime doloremque.', 9178, 2, 30, '2018-07-26 11:37:23', '2018-07-26 11:37:23'),
(19, 'repellat', 'Velit voluptatem est eos aliquid laboriosam minus. Accusantium rem eos dolorem aspernatur officia quo ab. Molestiae aliquam possimus rem rem consectetur suscipit quaerat.', 9508, 5, 12, '2018-07-26 11:37:23', '2018-07-26 11:37:23'),
(20, 'sunt', 'Et culpa facilis vero facilis et. Deserunt tempore non minus sit rerum suscipit et. Neque sequi vel et est occaecati fugit necessitatibus.', 3443, 8, 10, '2018-07-26 11:37:23', '2018-07-26 11:37:23'),
(21, 'quam', 'Et et corrupti tempora ipsam quis a maxime qui. Inventore rerum repellat et sequi voluptatem corporis debitis. Sed quis autem quod dignissimos repellat aut vel.', 9684, 4, 7, '2018-07-26 11:37:23', '2018-07-26 11:37:23'),
(22, 'accusamus', 'Laboriosam eos nisi aspernatur est. Corporis nemo porro ipsam. Architecto aut excepturi nemo delectus. Voluptas ex rerum consequuntur eos voluptas ipsum est.', 3060, 2, 6, '2018-07-26 11:37:23', '2018-07-26 11:37:23'),
(23, 'vel', 'Ut nihil dolorem minima autem hic quia dolorum. Ratione et ipsum corporis culpa earum in ratione. Est vero nihil ut ad ratione qui. Exercitationem commodi numquam quisquam accusamus ullam minima debitis.', 3816, 7, 5, '2018-07-26 11:37:23', '2018-07-26 11:37:23'),
(24, 'vel', 'In itaque corporis earum consequatur. Impedit dolores accusantium repellat laborum. Aliquid rerum iusto et consequatur. Quo fugit quisquam quas quos neque.', 7678, 6, 5, '2018-07-26 11:37:23', '2018-07-26 11:37:23'),
(25, 'laboriosam', 'Dolore veniam ut cum magnam praesentium aperiam. Tempore rerum commodi quasi eos et tenetur earum. Accusantium ut quaerat molestiae minima.', 3146, 4, 23, '2018-07-26 11:37:23', '2018-07-26 11:37:23'),
(26, 'corporis', 'Mollitia eius voluptas inventore eum recusandae voluptas. Doloremque in id et eum non sunt nisi.', 8064, 8, 29, '2018-07-26 11:37:23', '2018-07-26 11:37:23'),
(27, 'sunt', 'Nihil ut ratione laborum aperiam fuga impedit atque. Ipsam quas tenetur voluptatum quo. Ab corrupti aperiam facilis eum odio voluptates.', 1085, 5, 19, '2018-07-26 11:37:23', '2018-07-26 11:37:23'),
(28, 'nemo', 'Animi magni enim et. Qui aspernatur dolor quis occaecati. Est enim explicabo praesentium libero reiciendis.', 4119, 3, 27, '2018-07-26 11:37:23', '2018-07-26 11:37:23'),
(29, 'esse', 'Autem aut quia provident. Libero et vel numquam culpa. Debitis sint voluptates voluptas non. Nam molestiae aspernatur sequi earum officia placeat.', 1075, 2, 22, '2018-07-26 11:37:23', '2018-07-26 11:37:23'),
(30, 'delectus', 'Nulla ut vel officiis velit asperiores id. Sit nobis quasi molestiae consectetur suscipit quam. Molestiae ea quibusdam ipsa animi. Nulla sed dignissimos quod nam sequi dolorem in.', 6393, 8, 11, '2018-07-26 11:37:23', '2018-07-26 11:37:23'),
(31, 'necessitatibus', 'A eum qui tempora deleniti vitae et. Et facilis ullam optio maxime aut dolores. Tenetur omnis aut sapiente qui est ut. Molestiae temporibus totam aspernatur autem doloremque.', 7825, 8, 5, '2018-07-26 11:37:23', '2018-07-26 11:37:23'),
(32, 'consequatur', 'Voluptas accusamus et enim esse. Itaque et perspiciatis nihil voluptatem eveniet autem.', 7449, 6, 25, '2018-07-26 11:37:23', '2018-07-26 11:37:23'),
(33, 'officiis', 'Fugiat ea ullam doloremque quo eligendi. Omnis quisquam consequatur omnis rem. Ea in sunt unde optio delectus quia. Autem quia voluptatum corrupti et.', 5927, 3, 24, '2018-07-26 11:37:23', '2018-07-26 11:37:23'),
(34, 'qui', 'Ex atque odit eos doloremque eligendi autem. Temporibus nam repellat ad omnis culpa quo. Ea ut quo ullam dolorum. Est non ea numquam magni.', 5590, 6, 9, '2018-07-26 11:37:23', '2018-07-26 11:37:23'),
(35, 'iure', 'Quas maxime molestias architecto reiciendis sapiente quae. Sequi ratione non natus. Voluptatem voluptatem nobis est debitis neque ut aliquid.', 7478, 0, 15, '2018-07-26 11:37:23', '2018-07-26 11:37:23'),
(36, 'quos', 'Expedita saepe earum qui accusantium et explicabo. Eveniet illo reiciendis totam. Enim maiores incidunt ipsa. Cumque hic libero et esse aut repellendus illum.', 8577, 6, 8, '2018-07-26 11:37:23', '2018-07-26 11:37:23'),
(37, 'error', 'Inventore quis exercitationem placeat modi nostrum expedita mollitia. Dolores nihil ratione velit molestias. Deserunt magnam id nam est quas voluptatem voluptatem.', 5823, 8, 23, '2018-07-26 11:37:23', '2018-07-26 11:37:23'),
(38, 'illum', 'Est similique libero beatae eum velit ut autem. Possimus maxime aut suscipit. Quaerat dolorum sint assumenda qui amet quas explicabo.', 2786, 6, 20, '2018-07-26 11:37:23', '2018-07-26 11:37:23'),
(39, 'atque', 'Amet nam soluta eos dolorum. Et perspiciatis id ea exercitationem praesentium officia dolorem vel. Aperiam exercitationem pariatur magnam quia quo impedit. Eius esse voluptate quisquam ad unde cupiditate. Eos expedita et consequuntur ipsam voluptatem rerum voluptatibus.', 9884, 3, 11, '2018-07-26 11:37:23', '2018-07-26 11:37:23'),
(40, 'temporibus', 'Exercitationem corporis qui nostrum est. Qui vitae ipsa accusamus perferendis omnis. Modi beatae nam dolor consectetur.', 9618, 5, 16, '2018-07-26 11:37:23', '2018-07-26 11:37:23'),
(41, 'perspiciatis', 'Eligendi sit sint qui velit saepe necessitatibus. Minus et saepe facere cupiditate. Et sed error corporis autem expedita temporibus.', 1977, 4, 16, '2018-07-26 11:37:23', '2018-07-26 11:37:23'),
(42, 'dolorum', 'Voluptatem alias voluptatibus rerum omnis vero rem quae distinctio. Qui hic est et sit. Eos eligendi porro rerum nihil. Dicta delectus placeat rerum.', 3243, 8, 27, '2018-07-26 11:37:23', '2018-07-26 11:37:23'),
(43, 'expedita', 'Autem eos esse esse sunt consectetur dignissimos sed veniam. Officiis aliquam enim hic aut debitis.', 8712, 4, 17, '2018-07-26 11:37:23', '2018-07-26 11:37:23'),
(44, 'quo', 'Voluptas eius recusandae fugit saepe eos laborum sit tempore. Possimus nobis enim sed ducimus odit. Et iste accusamus atque ipsam nobis. Itaque id eum accusantium voluptas in et.', 2991, 7, 27, '2018-07-26 11:37:23', '2018-07-26 11:37:23'),
(45, 'nihil', 'Cupiditate aut quia veritatis quibusdam quis nostrum ipsam hic. Facere ut nesciunt fuga sit corrupti ad. Sunt vero eos omnis quia fugiat. Sint optio ea corrupti animi.', 5730, 7, 29, '2018-07-26 11:37:23', '2018-07-26 11:37:23'),
(46, 'animi', 'Nisi sint eveniet et velit recusandae. Ipsa quas explicabo repudiandae facere numquam. Qui aut porro sunt omnis similique temporibus.', 5827, 0, 21, '2018-07-26 11:37:23', '2018-07-26 11:37:23'),
(47, 'expedita', 'Et qui et voluptas enim ut recusandae voluptas. Dolor id occaecati omnis natus nostrum et. Quo omnis corrupti voluptatem accusamus molestias earum id. Minus deserunt nobis est velit veniam voluptates.', 3036, 2, 19, '2018-07-26 11:37:23', '2018-07-26 11:37:23'),
(48, 'libero', 'Et dolor quia eveniet. Animi fugiat ut id. Saepe eos ipsam asperiores et. Non vero in unde ut.', 3402, 9, 19, '2018-07-26 11:37:23', '2018-07-26 11:37:23'),
(49, 'quia', 'Eos in ab cupiditate molestiae ipsam dolores. Nam reiciendis deserunt doloribus iusto eveniet voluptas in. Illum enim quod enim.', 4566, 2, 26, '2018-07-26 11:37:23', '2018-07-26 11:37:23'),
(50, 'minus', 'Fuga aut est et omnis autem ipsa omnis. Eos ab hic quasi necessitatibus. Porro voluptas fuga ex saepe quibusdam odio. Et porro suscipit omnis reprehenderit aut sit. Reiciendis rerum deleniti vel unde corporis minus.', 1317, 5, 25, '2018-07-26 11:37:23', '2018-07-26 11:37:23');

-- --------------------------------------------------------

--
-- Table structure for table `reviews`
--

DROP TABLE IF EXISTS `reviews`;
CREATE TABLE IF NOT EXISTS `reviews` (
  `id` int(10) UNSIGNED NOT NULL AUTO_INCREMENT,
  `product_id` int(10) UNSIGNED NOT NULL,
  `customer` varchar(191) COLLATE utf8mb4_unicode_ci NOT NULL,
  `review` text COLLATE utf8mb4_unicode_ci NOT NULL,
  `star` int(11) NOT NULL,
  `created_at` timestamp NULL DEFAULT NULL,
  `updated_at` timestamp NULL DEFAULT NULL,
  PRIMARY KEY (`id`),
  KEY `reviews_product_id_index` (`product_id`)
) ENGINE=MyISAM AUTO_INCREMENT=301 DEFAULT CHARSET=utf8mb4 COLLATE=utf8mb4_unicode_ci;

--
-- Dumping data for table `reviews`
--

INSERT INTO `reviews` (`id`, `product_id`, `customer`, `review`, `star`, `created_at`, `updated_at`) VALUES
(1, 36, 'Una Funk', 'Dolor ut voluptatem enim dolor. Vero qui libero sint et doloribus consequatur maxime. Illo et alias magnam ea. Qui fuga adipisci facilis quis quos error.', 2, '2018-07-26 11:37:25', '2018-07-26 11:37:25'),
(2, 22, 'Miss Marisa Rice', 'Et alias est suscipit est. Quo eius iste a et illo. Inventore nobis et at qui facilis. Vero eos quae tenetur et.', 3, '2018-07-26 11:37:25', '2018-07-26 11:37:25'),
(3, 32, 'Tatum Gleichner III', 'Vel reprehenderit consequatur reiciendis aut libero nostrum. Voluptatum inventore ad sed saepe. Harum error aut et est fuga architecto nisi.', 5, '2018-07-26 11:37:25', '2018-07-26 11:37:25'),
(4, 39, 'Lynn Pfannerstill', 'Facilis amet officia quia aliquid libero eos. Facilis unde voluptatem sit enim. Magnam est dolorem tenetur dolores accusamus non.', 3, '2018-07-26 11:37:25', '2018-07-26 11:37:25'),
(5, 39, 'Tommie Bode', 'Laborum nam repudiandae at facere tenetur deserunt ullam. In qui et quia quod eum. Rerum sapiente distinctio aut consequuntur qui porro itaque. Ex aut sed quisquam est culpa.', 2, '2018-07-26 11:37:25', '2018-07-26 11:37:25'),
(6, 16, 'Miss Leonor Glover', 'Ut aut maiores adipisci. Totam quis minima exercitationem ut.', 3, '2018-07-26 11:37:25', '2018-07-26 11:37:25'),
(7, 41, 'Ivory Bernhard', 'In magni occaecati consequuntur praesentium natus illum illo. Sint et ut sed porro beatae dicta ad. Numquam nemo dolorum autem suscipit cupiditate cum magnam.', 0, '2018-07-26 11:37:25', '2018-07-26 11:37:25'),
(8, 18, 'Jettie Murray', 'Aut nihil sit illum quae delectus quia libero. Illum quia cum voluptas consequatur sunt neque. Velit reprehenderit dignissimos minima quo. Illo quia fugiat et ut.', 0, '2018-07-26 11:37:25', '2018-07-26 11:37:25'),
(9, 2, 'Mr. Maximo Bergnaum Sr.', 'Molestiae deleniti cumque tempora officia dolores. Enim qui ea ducimus magnam. Sed et porro rem qui beatae pariatur. Dolor ad cumque consequatur explicabo.', 3, '2018-07-26 11:37:25', '2018-07-26 11:37:25'),
(10, 8, 'Fidel Upton', 'Amet porro est incidunt architecto. Perferendis dolore non aliquam est. Enim numquam ipsa itaque.', 5, '2018-07-26 11:37:25', '2018-07-26 11:37:25'),
(11, 37, 'Daija Anderson', 'Maiores qui eum sint deserunt explicabo. Perspiciatis at et dolor harum vitae. Velit est quis accusamus dolores. Iste harum perspiciatis animi.', 2, '2018-07-26 11:37:25', '2018-07-26 11:37:25'),
(12, 43, 'Prof. Benny Brekke II', 'Sed et iste sunt deleniti doloribus ducimus sit. Aspernatur numquam qui officia sit. Quis voluptatibus officiis nostrum odio facere et. Sunt autem facere molestiae fugit et dolorum temporibus qui. Voluptatem laudantium porro a ipsam eius doloribus.', 3, '2018-07-26 11:37:25', '2018-07-26 11:37:25'),
(13, 14, 'Mr. Jedidiah Collins PhD', 'Quia cum esse in. Quisquam provident fuga nulla perferendis. Repudiandae nesciunt possimus consequatur incidunt. Consequuntur et praesentium est iure odit dolore.', 5, '2018-07-26 11:37:25', '2018-07-26 11:37:25'),
(14, 33, 'Mrs. Carolanne Torp', 'Est debitis eum dolor odio minus ea iusto voluptatem. Repudiandae aut reiciendis cum et saepe itaque. Enim molestiae laboriosam similique cum sed reiciendis.', 0, '2018-07-26 11:37:25', '2018-07-26 11:37:25'),
(15, 15, 'Christina Rosenbaum', 'Distinctio cum ut officia amet aut fugit qui. Veniam rerum autem quisquam eveniet velit voluptatem. Molestias excepturi est consequuntur qui temporibus impedit.', 0, '2018-07-26 11:37:25', '2018-07-26 11:37:25'),
(16, 27, 'Bruce Treutel', 'Non est libero accusantium doloremque. Dignissimos libero repellendus et delectus aut unde rerum ipsum. Vero dolores voluptatem hic facere.', 2, '2018-07-26 11:37:25', '2018-07-26 11:37:25'),
(17, 18, 'Davion Feeney', 'Neque rem dolorem quidem expedita quidem quis. Eum suscipit earum quo neque veniam omnis soluta. Sequi dolorem laboriosam veritatis dolorem omnis. Beatae veritatis ut molestias omnis voluptates.', 5, '2018-07-26 11:37:25', '2018-07-26 11:37:25'),
(18, 27, 'Demond Corwin', 'In praesentium libero minima debitis. Similique quia dolores ipsum dicta voluptate. Est sit placeat voluptatem molestiae dignissimos. Esse sunt exercitationem aliquid possimus ab error.', 5, '2018-07-26 11:37:25', '2018-07-26 11:37:25'),
(19, 33, 'Tianna Schaefer', 'Sunt quo impedit illum voluptatem eum ut veritatis qui. Vel quo exercitationem error rerum quod nam necessitatibus. Praesentium qui voluptas eum consequuntur quibusdam. Ad optio vel et cum sequi qui.', 4, '2018-07-26 11:37:25', '2018-07-26 11:37:25'),
(20, 50, 'Miss Veronica Rowe', 'Est ut recusandae consequatur aut commodi quas iure. Excepturi architecto quam eaque ratione voluptatem aut vero. Vero ipsa inventore beatae deleniti dolor.', 1, '2018-07-26 11:37:25', '2018-07-26 11:37:25'),
(21, 32, 'Hoyt Collier', 'Sit necessitatibus sit ipsum pariatur eligendi id voluptas dolorum. Dolor et quam reiciendis veritatis modi laudantium perferendis. Illum est qui quisquam eos provident laboriosam mollitia. Necessitatibus et pariatur eligendi dolorem est.', 3, '2018-07-26 11:37:25', '2018-07-26 11:37:25'),
(22, 45, 'Ahmed Little', 'Distinctio eius numquam quia sed quidem. Tenetur vitae expedita expedita. Aliquam aperiam fuga repellendus ipsum ratione quae non. Rerum facilis numquam autem magnam corrupti ut qui.', 4, '2018-07-26 11:37:25', '2018-07-26 11:37:25'),
(23, 3, 'Augustine Tremblay', 'Et eligendi sit officia possimus. Possimus voluptas explicabo qui aliquid. Enim nemo minus voluptatum incidunt quasi quod aut. Ab impedit voluptas ut vel perferendis.', 0, '2018-07-26 11:37:25', '2018-07-26 11:37:25'),
(24, 28, 'Prof. Torrance Schneider', 'Excepturi molestiae ipsam dicta quia praesentium praesentium. Eveniet iusto earum accusantium officia nesciunt. Quis nihil cum qui quia nostrum voluptatem nostrum.', 1, '2018-07-26 11:37:25', '2018-07-26 11:37:25'),
(25, 29, 'Miss Herminia Pollich I', 'Consequatur ratione enim similique accusamus nihil suscipit ipsa non. Eaque labore illum quisquam. Aliquid possimus qui officiis cum deserunt quasi. Aut est repellendus voluptatem rerum et sed.', 1, '2018-07-26 11:37:25', '2018-07-26 11:37:25'),
(26, 46, 'Dr. Hollis Koss', 'Eveniet iste error occaecati consequatur laborum ut. Libero quos asperiores omnis libero. Repudiandae soluta praesentium sapiente ut aspernatur aspernatur eum.', 1, '2018-07-26 11:37:25', '2018-07-26 11:37:25'),
(27, 50, 'Sabrina Brekke PhD', 'Incidunt esse distinctio cupiditate molestias dolor pariatur. Rem omnis ducimus repellendus quibusdam quod odit praesentium.', 4, '2018-07-26 11:37:25', '2018-07-26 11:37:25'),
(28, 33, 'Helen Hackett', 'Quia autem necessitatibus velit eveniet recusandae ut et. Quia culpa a nesciunt quo. Autem sed et labore aliquam provident deserunt rerum. Laborum et quis sint voluptate est alias.', 0, '2018-07-26 11:37:25', '2018-07-26 11:37:25'),
(29, 36, 'Jamie Paucek V', 'Est dolor ducimus enim sapiente magnam enim officiis praesentium. Inventore repellat libero quod cumque delectus. Eum maiores voluptas rerum vel porro est est quia.', 3, '2018-07-26 11:37:25', '2018-07-26 11:37:25'),
(30, 1, 'Rahul Sawayn MD', 'Dolor molestias corrupti enim saepe et dolore beatae. Vitae et in optio deserunt hic dolor.', 3, '2018-07-26 11:37:25', '2018-07-26 11:37:25'),
(31, 13, 'Weldon Yost', 'Eum tempore soluta repudiandae illum quod voluptatem. Dicta ab sed iste ipsa. Tempora nihil ipsa itaque cumque.', 4, '2018-07-26 11:37:25', '2018-07-26 11:37:25'),
(32, 46, 'Fredrick Davis', 'Saepe vitae id sed. Natus aliquam nostrum maiores quia laboriosam beatae est quaerat. Magnam minima neque adipisci eius et. Labore ratione qui totam velit sunt est.', 0, '2018-07-26 11:37:25', '2018-07-26 11:37:25'),
(33, 26, 'Amir Ziemann', 'Perspiciatis optio id quis laborum explicabo esse assumenda. Incidunt porro ut ullam excepturi. Natus nobis et laborum dicta quisquam.', 2, '2018-07-26 11:37:25', '2018-07-26 11:37:25'),
(34, 25, 'Nick Paucek', 'Fugiat natus et in commodi aperiam quibusdam dignissimos aut. Voluptatem est ut quidem perspiciatis minima sed dolorum. Vel corporis quod nemo tempore unde fugiat mollitia possimus.', 2, '2018-07-26 11:37:25', '2018-07-26 11:37:25'),
(35, 16, 'Prof. Neha Becker Sr.', 'Vitae ratione ut fugit occaecati et temporibus. Quos qui illum est. Qui sit inventore sunt magni sapiente cumque. Quae vel fugiat provident et odit officiis.', 2, '2018-07-26 11:37:25', '2018-07-26 11:37:25'),
(36, 5, 'Yasmine Emard', 'Ratione saepe ipsa beatae placeat vel. Cupiditate debitis ea sed repellat. Incidunt quis sint tempore consequuntur omnis et aperiam.', 2, '2018-07-26 11:37:25', '2018-07-26 11:37:25'),
(37, 38, 'Rylee Senger Sr.', 'Rerum magni quidem vitae quam et nam. Tenetur voluptas velit dolor et numquam consectetur distinctio. Maiores quos aut et et consequatur omnis animi. Autem laboriosam voluptatem quia inventore sequi quibusdam. Aut enim fugit et doloribus et voluptas.', 4, '2018-07-26 11:37:25', '2018-07-26 11:37:25'),
(38, 18, 'Lura Kunde', 'Debitis sed aliquid sit id aut. Ipsum eveniet qui qui aut quod ut dolorum. Consequuntur ducimus et maxime et et.', 1, '2018-07-26 11:37:25', '2018-07-26 11:37:25'),
(39, 25, 'Juliana Halvorson', 'Facilis nostrum voluptatem nemo nihil eum similique. Molestiae maiores nemo recusandae beatae blanditiis esse velit. Impedit vitae qui aliquam autem.', 4, '2018-07-26 11:37:25', '2018-07-26 11:37:25'),
(40, 31, 'Kristoffer Zieme', 'Sit expedita in autem tempore nobis ut. Rem qui nesciunt nisi et numquam. Aut natus ab quis similique aut id magnam. Eligendi dignissimos beatae a dolor.', 2, '2018-07-26 11:37:25', '2018-07-26 11:37:25'),
(41, 1, 'Terrence Streich', 'Maiores recusandae corporis exercitationem laboriosam minus quia quia ullam. Molestias ratione porro consectetur blanditiis impedit accusantium. Error sit alias neque ut nesciunt quos magnam.', 1, '2018-07-26 11:37:25', '2018-07-26 11:37:25'),
(42, 11, 'Hal Watsica', 'Dolor vel sit similique recusandae error neque fugiat. Quisquam consequatur quisquam qui debitis quibusdam. Nihil nihil voluptate voluptas provident laborum. Et harum ut corporis vitae quia optio suscipit.', 0, '2018-07-26 11:37:25', '2018-07-26 11:37:25'),
(43, 44, 'Stacy Ferry', 'Culpa at repellat numquam velit vel cumque excepturi. Dignissimos culpa fugit quisquam corporis aut ipsa. Alias eius est libero quia id nemo velit.', 2, '2018-07-26 11:37:25', '2018-07-26 11:37:25'),
(44, 26, 'Prof. Cielo Walsh', 'Qui magnam consequatur et praesentium. Sint impedit aut recusandae sunt. Est necessitatibus et excepturi libero ipsam.', 1, '2018-07-26 11:37:25', '2018-07-26 11:37:25'),
(45, 15, 'Euna Murazik', 'Cum cum cumque amet et veritatis eligendi. Doloremque et beatae qui vero saepe molestiae neque. Aut sed a sunt quia.', 0, '2018-07-26 11:37:25', '2018-07-26 11:37:25'),
(46, 39, 'Arianna Ruecker', 'Voluptatem est ex laborum ut eaque ex sequi. Sunt expedita ab sed dolores. Eaque et sit occaecati odit ut et.', 2, '2018-07-26 11:37:25', '2018-07-26 11:37:25'),
(47, 42, 'Dr. Margarette Crooks', 'Sed asperiores non ad neque. Incidunt nam aut quia et. Soluta enim quia pariatur molestias voluptatem nam.', 4, '2018-07-26 11:37:25', '2018-07-26 11:37:25'),
(48, 34, 'Tyrique Buckridge', 'Occaecati exercitationem earum voluptatem quisquam amet blanditiis. Culpa unde nulla est cum sed officiis magnam. Quia dolorem id expedita incidunt rerum officia.', 2, '2018-07-26 11:37:25', '2018-07-26 11:37:25'),
(49, 18, 'Dashawn Strosin', 'Occaecati fugit libero cum molestiae sit ut in. Fuga fugiat eum quibusdam nulla incidunt deleniti. Quia reprehenderit rem error adipisci odit soluta. Eius est repellendus iste voluptatibus qui vitae.', 0, '2018-07-26 11:37:25', '2018-07-26 11:37:25'),
(50, 39, 'Thea Ward II', 'Necessitatibus nihil voluptas fugiat commodi. Consectetur nulla corporis numquam fuga. Qui iure quo deserunt quod maxime assumenda eius. Et voluptatem beatae molestiae deleniti ipsa hic. Voluptas sed voluptas ea enim laudantium incidunt.', 0, '2018-07-26 11:37:25', '2018-07-26 11:37:25'),
(51, 36, 'Dr. Trystan Cole Sr.', 'Distinctio quis libero maiores tenetur ratione dicta quae nisi. Omnis modi et explicabo molestias veniam. Quaerat nesciunt eligendi qui aut vel non numquam in. Deserunt et aspernatur totam culpa laboriosam et.', 1, '2018-07-26 11:37:25', '2018-07-26 11:37:25'),
(52, 7, 'Marjorie Kreiger', 'Eligendi dolorum accusantium distinctio. Qui tempora aperiam ea incidunt repudiandae. Eveniet libero sint dolorem dolores omnis quia.', 4, '2018-07-26 11:37:25', '2018-07-26 11:37:25'),
(53, 2, 'Miss Vita Shields II', 'Sed dolorem aliquid nemo vero. Quidem laborum cum non ratione ipsam nobis. Quam distinctio delectus repudiandae veritatis earum delectus. Sed repellendus dolores harum cupiditate tempore veritatis.', 1, '2018-07-26 11:37:25', '2018-07-26 11:37:25'),
(54, 31, 'Giuseppe O\'Kon', 'Deleniti commodi odio voluptatem eveniet atque et cupiditate. Nulla sint inventore eos beatae temporibus ducimus et sit.', 5, '2018-07-26 11:37:25', '2018-07-26 11:37:25'),
(55, 9, 'Corbin Howe', 'Sint nesciunt tempore qui sunt dolore et earum quia. Quas voluptate iste sit temporibus. Aut non perspiciatis accusamus consequatur facere.', 0, '2018-07-26 11:37:25', '2018-07-26 11:37:25'),
(56, 14, 'Paula King', 'Consectetur repudiandae consequatur cum. Sequi consequatur enim deleniti dolorem eius. Cumque explicabo assumenda officia. Quis explicabo iste odio sed nulla dolorem officiis.', 1, '2018-07-26 11:37:25', '2018-07-26 11:37:25'),
(57, 21, 'Abdiel Hammes', 'Consequatur autem doloremque facere. Enim ut earum id iste modi sint. Omnis amet qui est ut.', 2, '2018-07-26 11:37:25', '2018-07-26 11:37:25'),
(58, 40, 'Ms. Brianne Marks', 'Assumenda debitis fugiat repellat. Dolor asperiores aperiam et autem quia. Voluptatibus laborum soluta qui fugiat qui. Consequatur earum voluptatem rerum culpa amet quis sequi.', 0, '2018-07-26 11:37:25', '2018-07-26 11:37:25'),
(59, 39, 'Edward Bode', 'Quos nulla eum voluptates sit asperiores. Officiis ab maxime adipisci vero reiciendis. Voluptates repudiandae velit vel. Accusamus nostrum quis fugit temporibus adipisci ut qui deleniti.', 4, '2018-07-26 11:37:25', '2018-07-26 11:37:25'),
(60, 37, 'Juvenal Farrell', 'Ullam rerum aut dolores odio impedit. Vero omnis fugiat sit in vitae minus delectus eum. Ea dicta molestias quisquam quas quos. Consequatur vel eum minima qui nostrum id.', 2, '2018-07-26 11:37:25', '2018-07-26 11:37:25'),
(61, 33, 'Rosendo Lehner', 'Ut vitae illo totam molestias unde tempore. Aut a nihil voluptatem asperiores earum dicta. Quis minus voluptatem nisi incidunt. Aliquid et doloribus repudiandae incidunt corporis autem.', 5, '2018-07-26 11:37:25', '2018-07-26 11:37:25'),
(62, 44, 'Joany Reichert', 'Et dolorem id dolor pariatur omnis et consequatur. Aut nemo soluta labore voluptatem quod. Numquam quasi et dolor sunt.', 0, '2018-07-26 11:37:25', '2018-07-26 11:37:25'),
(63, 31, 'Glenda Wiegand V', 'Similique quia eos eius accusamus. Voluptatem sapiente illo quidem iste.', 1, '2018-07-26 11:37:25', '2018-07-26 11:37:25'),
(64, 36, 'Yessenia Hill', 'Eos quia omnis quod quia quos. Nesciunt explicabo rerum et aut quo sit et. Eos officiis sint ut rerum ut qui. Repellat hic sunt dolore occaecati.', 5, '2018-07-26 11:37:25', '2018-07-26 11:37:25'),
(65, 17, 'Prof. Cooper Gulgowski Sr.', 'Quia rerum quisquam eius id qui rerum vitae. Rerum numquam distinctio explicabo sit. Quo ut in quisquam sed quia et.', 0, '2018-07-26 11:37:25', '2018-07-26 11:37:25'),
(66, 26, 'Prof. Domenic Gislason', 'Quam provident est qui modi veritatis voluptates labore. Animi consectetur atque laboriosam atque ducimus. Exercitationem rerum amet adipisci neque. Rerum adipisci qui illum occaecati sed occaecati.', 1, '2018-07-26 11:37:25', '2018-07-26 11:37:25'),
(67, 50, 'Max Hill MD', 'Autem quasi velit excepturi enim odio. Distinctio ea deleniti deleniti. Eos sequi inventore magnam nobis similique dignissimos. Eum perspiciatis molestiae aut sunt iusto.', 2, '2018-07-26 11:37:25', '2018-07-26 11:37:25'),
(68, 10, 'Elizabeth Hahn', 'Aut et optio vero quae quaerat itaque ipsam temporibus. Dignissimos veritatis ducimus quia quas architecto assumenda eius. Quo eum eum placeat et voluptas.', 4, '2018-07-26 11:37:25', '2018-07-26 11:37:25'),
(69, 25, 'Natalie King', 'Illum quis quia adipisci ex mollitia aliquid. Iure rerum repudiandae qui laboriosam ut quia. Illum expedita sint optio vel.', 3, '2018-07-26 11:37:25', '2018-07-26 11:37:25'),
(70, 21, 'Tianna Denesik', 'Temporibus vero rerum velit eos temporibus tempore. Impedit voluptatem ut tenetur qui iure et ut. Distinctio distinctio qui cum sint a sit.', 1, '2018-07-26 11:37:25', '2018-07-26 11:37:25'),
(71, 45, 'Emery Rath', 'Asperiores enim inventore ipsum nemo est odit labore. Libero ipsa aut inventore qui cupiditate.', 1, '2018-07-26 11:37:25', '2018-07-26 11:37:25'),
(72, 24, 'Destiney Abshire', 'Corrupti dolor laborum praesentium id reiciendis quis. Error vitae ex impedit ut amet quis voluptatum. Ut quia eaque sed eum ea necessitatibus quia.', 3, '2018-07-26 11:37:25', '2018-07-26 11:37:25'),
(73, 35, 'Noemi Lubowitz', 'Vel maxime vel quam non unde. Nostrum iste hic iste dolorem perspiciatis laborum enim. Saepe quis facere dolor reprehenderit rerum. In sed consequuntur qui.', 0, '2018-07-26 11:37:25', '2018-07-26 11:37:25'),
(74, 28, 'Karine Williamson', 'Sed eligendi illo architecto eligendi veniam sed delectus. Beatae quisquam eos delectus quaerat tenetur. Non eum facere animi ut reprehenderit dolor.', 1, '2018-07-26 11:37:25', '2018-07-26 11:37:25'),
(75, 15, 'Brooklyn Will Sr.', 'Et ad dolorum culpa omnis sit ratione. Dolore consequuntur ad architecto. Aut reprehenderit est et officia officia quasi perferendis. Eligendi laborum accusantium exercitationem est ipsam. Quis qui repellat quod earum officia doloribus.', 5, '2018-07-26 11:37:25', '2018-07-26 11:37:25'),
(76, 44, 'Willie Terry', 'Aspernatur quia eos qui sed illum. Vel at non qui impedit reprehenderit et magni voluptatem. Facilis non excepturi cumque perspiciatis dolor corporis et. Minus aut iste est mollitia omnis cumque.', 5, '2018-07-26 11:37:25', '2018-07-26 11:37:25'),
(77, 20, 'Yolanda Paucek', 'Assumenda consequatur consectetur laboriosam assumenda cumque eaque. Dolorem esse mollitia ratione hic illo. Quo labore vel assumenda sequi dignissimos. Ullam ad aut illo cum in.', 4, '2018-07-26 11:37:25', '2018-07-26 11:37:25'),
(78, 33, 'Prof. Gayle Maggio', 'Inventore labore nesciunt officiis. Voluptatem qui quo dolor necessitatibus non. Velit aut ut quis repellat est asperiores sint eum. Ut ut quisquam ea repellat ut sint perspiciatis.', 0, '2018-07-26 11:37:25', '2018-07-26 11:37:25'),
(79, 21, 'Berenice Connelly', 'Soluta molestiae quia quis maiores distinctio delectus. Est error laboriosam aut nobis. Dolores natus cupiditate totam nemo. Nihil non dolorem non vero sunt molestias.', 1, '2018-07-26 11:37:25', '2018-07-26 11:37:25'),
(80, 3, 'Ms. Aletha Schamberger Sr.', 'Numquam voluptatem dicta voluptas aspernatur nobis deserunt quia. Ullam rerum eum eum dolor corrupti officia quasi. Ea ut fugiat repudiandae minus. Distinctio odit sit qui molestiae et alias id quo.', 5, '2018-07-26 11:37:25', '2018-07-26 11:37:25'),
(81, 11, 'Margret Raynor', 'Labore reiciendis sit recusandae quidem enim qui officiis. Deleniti et quia sint quod fuga eum qui repellat. Nihil aut quas vel asperiores cum.', 3, '2018-07-26 11:37:25', '2018-07-26 11:37:25'),
(82, 1, 'Estella Littel', 'Numquam voluptatem ad et. Distinctio aut modi error voluptatem. Soluta pariatur itaque nemo maxime est corporis aut.', 4, '2018-07-26 11:37:25', '2018-07-26 11:37:25'),
(83, 46, 'Trever Lind', 'Omnis id laborum similique impedit dolorem quibusdam soluta. Optio sit itaque dolorum numquam ea. Non quo et odio blanditiis optio rem ad.', 3, '2018-07-26 11:37:25', '2018-07-26 11:37:25'),
(84, 47, 'Salvador Tremblay', 'Non qui atque aut necessitatibus minus quia vero saepe. Culpa necessitatibus fugiat rerum optio quam. Ea voluptas aut iusto rerum.', 5, '2018-07-26 11:37:25', '2018-07-26 11:37:25'),
(85, 45, 'Cicero McCullough', 'Earum illum ea dolorem maxime rerum dolore unde. Odio aut facilis atque. Nobis cupiditate unde laboriosam reprehenderit itaque recusandae.', 4, '2018-07-26 11:37:25', '2018-07-26 11:37:25'),
(86, 4, 'Mozelle Kohler', 'Est odit eveniet qui eaque corrupti magni vel excepturi. Esse animi consequatur placeat hic. Nostrum rerum error aut accusantium debitis.', 3, '2018-07-26 11:37:25', '2018-07-26 11:37:25'),
(87, 29, 'Emiliano Lehner', 'Ea necessitatibus culpa enim repellat voluptatibus. Consequatur rerum accusantium quam nisi et praesentium. Quo sit sapiente et cum. Dolor ut facere maxime possimus animi.', 2, '2018-07-26 11:37:25', '2018-07-26 11:37:25'),
(88, 31, 'Dr. Joany Grant DVM', 'Facere vel facilis est architecto. Nostrum tenetur quaerat reiciendis repudiandae voluptate laboriosam officiis. Cupiditate eaque sint alias eos nulla veritatis. Ut eum omnis qui non. Minima assumenda ea beatae accusamus.', 4, '2018-07-26 11:37:25', '2018-07-26 11:37:25'),
(89, 11, 'Grant Grant', 'Et alias aut ea iste amet. Quia eligendi sed eum delectus blanditiis aut animi. Unde delectus ducimus quia a. Adipisci porro voluptatum eum sunt cupiditate sunt.', 1, '2018-07-26 11:37:25', '2018-07-26 11:37:25'),
(90, 38, 'Trent Kunde DVM', 'Vitae non odit magni nisi alias. Id molestiae necessitatibus expedita a ullam ut. Occaecati soluta rerum id saepe quae.', 3, '2018-07-26 11:37:25', '2018-07-26 11:37:25'),
(91, 18, 'Jordan Rempel', 'Voluptate delectus praesentium rerum. Cupiditate illum sit occaecati cupiditate tenetur nesciunt est cumque. Vitae eius et expedita nihil quas atque optio.', 5, '2018-07-26 11:37:25', '2018-07-26 11:37:25'),
(92, 36, 'Martina Kemmer PhD', 'Temporibus ratione et aut cupiditate voluptate id. Eligendi quia ullam cumque voluptas corrupti magni soluta hic. Dolores eos occaecati itaque consequuntur necessitatibus. Tempore minima illo et occaecati.', 0, '2018-07-26 11:37:25', '2018-07-26 11:37:25'),
(93, 15, 'King Wisozk', 'Quia laborum error cupiditate voluptas culpa laudantium qui voluptas. Odit et ut aliquid cum sed quo. Eligendi tempore animi sit nobis. Eos expedita adipisci quia non.', 1, '2018-07-26 11:37:25', '2018-07-26 11:37:25'),
(94, 23, 'Miss Karolann Hoeger PhD', 'Dignissimos autem labore et perferendis quos atque porro. Est unde eaque eius enim ea porro. Fuga numquam est ab incidunt odit hic.', 2, '2018-07-26 11:37:25', '2018-07-26 11:37:25'),
(95, 4, 'Lacy Eichmann', 'Rerum omnis aut quasi at rerum ut. Ut assumenda iusto rerum nihil. Quaerat dolores quis sed aliquam. Aliquid corrupti est consectetur molestias hic. Dolorum quos omnis aliquam consequatur rerum veritatis.', 5, '2018-07-26 11:37:25', '2018-07-26 11:37:25'),
(96, 44, 'Demetrius Lind Jr.', 'Non quibusdam in modi enim. Doloribus quod veritatis totam eum officia voluptatem. Quo quisquam ea sed nisi ad. Repellendus nisi et harum a temporibus voluptatem alias.', 4, '2018-07-26 11:37:25', '2018-07-26 11:37:25'),
(97, 50, 'Deondre Torp I', 'Aliquid exercitationem amet exercitationem omnis fugiat modi omnis. Error mollitia iure nemo eum. Consequatur ipsam amet voluptatem et.', 2, '2018-07-26 11:37:25', '2018-07-26 11:37:25'),
(98, 9, 'Elenora Bartoletti I', 'Quod praesentium inventore eius deleniti est voluptate. Facere fugiat magnam illo dolor officia est perspiciatis. Consectetur perferendis placeat possimus fuga dolores rem aut impedit.', 3, '2018-07-26 11:37:25', '2018-07-26 11:37:25'),
(99, 21, 'Ashlynn O\'Kon', 'Perferendis ratione ducimus unde sed rerum neque sed. Recusandae voluptatibus voluptas occaecati. Beatae at quod expedita voluptatum quaerat aliquam voluptatum autem.', 0, '2018-07-26 11:37:25', '2018-07-26 11:37:25'),
(100, 35, 'Mrs. Aaliyah Ward', 'Et deleniti ut voluptatibus placeat et. Sit minus illo fugiat dolor ea sunt. Cumque incidunt dolorem maxime eveniet quam distinctio.', 3, '2018-07-26 11:37:25', '2018-07-26 11:37:25'),
(101, 17, 'Miss Joanie Sipes MD', 'Nostrum quod est dolor sint qui repellendus itaque sed. Aut doloremque ut nobis eius optio aliquam odio sed.', 0, '2018-07-26 11:37:25', '2018-07-26 11:37:25'),
(102, 45, 'Agustin Green', 'Corporis consequatur autem officia sed minima. Consectetur dolor non sed quia cupiditate. Omnis voluptas numquam atque accusantium.', 0, '2018-07-26 11:37:25', '2018-07-26 11:37:25'),
(103, 22, 'Marguerite Mitchell', 'Voluptate suscipit animi ipsum. Doloribus et iusto ea amet est reiciendis. Dolor sed soluta molestiae et nobis alias.', 1, '2018-07-26 11:37:25', '2018-07-26 11:37:25'),
(104, 8, 'Prof. Theron Emard', 'Ut sit odio voluptatem expedita fuga aut. Impedit quia vel neque temporibus dolorem maiores nihil. Ipsam accusamus veritatis perspiciatis reiciendis explicabo. Vitae iste soluta deleniti voluptatum perferendis dolores.', 1, '2018-07-26 11:37:25', '2018-07-26 11:37:25'),
(105, 37, 'Jadyn Schamberger', 'Aut vero magnam id commodi minima qui sint ut. Atque quasi possimus libero nesciunt. Aliquid illum et est delectus quaerat provident voluptatum laborum. Cupiditate quisquam natus recusandae et.', 0, '2018-07-26 11:37:25', '2018-07-26 11:37:25'),
(106, 46, 'Dr. Zion Hackett DDS', 'Vel distinctio est quam sit veritatis. Minus qui distinctio eaque eligendi.', 4, '2018-07-26 11:37:25', '2018-07-26 11:37:25'),
(107, 42, 'Dr. Enola Robel DVM', 'Est fugit voluptas repellat quo corporis commodi consequatur quod. Quia praesentium est odio quidem voluptatem. Enim et et aliquid modi architecto. Quis voluptatem non debitis id tempora sunt.', 1, '2018-07-26 11:37:25', '2018-07-26 11:37:25'),
(108, 47, 'Dr. Frank Ratke III', 'Libero odit architecto blanditiis voluptatem qui. Molestiae sapiente rem ut veritatis repellat ut. Molestiae reiciendis error laboriosam nobis itaque magni. Adipisci aut voluptatem eligendi accusantium est quod qui.', 4, '2018-07-26 11:37:25', '2018-07-26 11:37:25'),
(109, 24, 'Ms. June Douglas IV', 'Qui dolorum molestiae porro eligendi enim. Ut aliquam quidem illo enim molestiae dicta illum temporibus. Dicta sed quia maxime aut aspernatur recusandae. Provident molestiae at et architecto in tempora inventore mollitia.', 0, '2018-07-26 11:37:25', '2018-07-26 11:37:25'),
(110, 29, 'Mrs. Myrna Bernhard MD', 'Quidem blanditiis maiores aut autem. Aspernatur reiciendis molestiae velit inventore voluptatum eaque. Sed sed nihil reiciendis laboriosam dolorum non.', 1, '2018-07-26 11:37:25', '2018-07-26 11:37:25'),
(111, 35, 'Prof. Alvah Purdy IV', 'Inventore in quod sit ut. Reiciendis unde voluptates atque ut magni accusantium sed quis.', 3, '2018-07-26 11:37:25', '2018-07-26 11:37:25'),
(112, 12, 'Prof. Osborne Dickens', 'Dolor veniam quidem consectetur qui aliquam esse tenetur. Repellendus eius ea natus sit maxime nemo. Adipisci maiores officiis harum doloribus. Officiis quaerat veritatis error praesentium.', 4, '2018-07-26 11:37:25', '2018-07-26 11:37:25'),
(113, 14, 'Vernice Jacobs', 'Accusantium aliquid assumenda voluptatem modi. Inventore dolore repellat quis mollitia dolorum ab minus. Eaque et quo voluptatum qui odio eius laboriosam.', 5, '2018-07-26 11:37:25', '2018-07-26 11:37:25'),
(114, 5, 'Modesta Graham', 'Deserunt molestias fugit ut fugiat. Doloremque praesentium veritatis veritatis nulla et. Ab sit nesciunt rerum voluptate natus et quia. Nam unde doloribus accusantium soluta repellat aliquid.', 4, '2018-07-26 11:37:25', '2018-07-26 11:37:25'),
(115, 3, 'Mrs. Mattie Bruen PhD', 'Quas possimus aut et beatae vitae. Quis dicta ullam et accusamus ea cum temporibus itaque. Quod vel consectetur illum est quae. Amet ullam in voluptatem praesentium modi.', 1, '2018-07-26 11:37:25', '2018-07-26 11:37:25'),
(116, 15, 'Mrs. Shanon Howe II', 'Omnis corporis quo esse fugit in unde ullam. Ipsa eaque nihil quibusdam repellendus placeat. Non vel temporibus doloremque in molestias. Et est officia beatae cumque repellendus officia.', 1, '2018-07-26 11:37:25', '2018-07-26 11:37:25'),
(117, 39, 'Jameson Hettinger', 'Quibusdam doloribus et et dolorem voluptatibus laudantium laboriosam consequatur. Soluta explicabo sit doloribus odit enim nulla voluptatem. Unde eum cumque commodi voluptas sed molestiae.', 2, '2018-07-26 11:37:25', '2018-07-26 11:37:25'),
(118, 46, 'Davin Mitchell', 'Debitis nihil ab velit repellat cupiditate id. Quia vel cum debitis minus. Dolor sint et ad et facilis aliquam. Quos eos minima quam est non sunt placeat. Id saepe eius aut illo ducimus.', 3, '2018-07-26 11:37:25', '2018-07-26 11:37:25'),
(119, 9, 'Rogers Oberbrunner', 'Labore id nihil eos facilis ducimus accusamus autem. Aperiam in vero non ex eius. Quia omnis totam quo cum dolorem sed. Nisi molestiae deserunt saepe rerum. Est eligendi sed iure quisquam.', 5, '2018-07-26 11:37:25', '2018-07-26 11:37:25'),
(120, 10, 'Prof. Collin Corwin', 'Est vitae eum vero tenetur. Illum tempora aut optio mollitia. Ipsa deserunt tenetur saepe quasi maiores accusantium dolores.', 1, '2018-07-26 11:37:25', '2018-07-26 11:37:25'),
(121, 43, 'Mrs. Marielle Crooks DVM', 'Necessitatibus sapiente omnis necessitatibus. Odio atque eum in velit maiores.', 1, '2018-07-26 11:37:25', '2018-07-26 11:37:25'),
(122, 41, 'Dr. Boyd Powlowski MD', 'Sint sed dolores alias voluptas accusamus at maxime. Consectetur necessitatibus pariatur doloribus odit sunt consequatur. Eos suscipit cum autem repudiandae. Aut autem debitis nulla deleniti officia.', 0, '2018-07-26 11:37:25', '2018-07-26 11:37:25'),
(123, 22, 'Elmore Cruickshank', 'Debitis laboriosam explicabo ut et. Excepturi sequi qui culpa fuga. Consequuntur et aliquam officiis rerum ut voluptas qui.', 2, '2018-07-26 11:37:25', '2018-07-26 11:37:25'),
(124, 47, 'Marquis Feest', 'Ut voluptatibus assumenda libero sint. Suscipit voluptate nemo delectus dolores fugit. Ullam corrupti ratione et laborum. Aut quibusdam maiores aut accusamus molestiae.', 5, '2018-07-26 11:37:25', '2018-07-26 11:37:25'),
(125, 27, 'Vilma Erdman', 'Repellat aut beatae mollitia vel repellendus. Vitae laborum tempora asperiores aut numquam. Aut ea et vitae adipisci.', 0, '2018-07-26 11:37:25', '2018-07-26 11:37:25'),
(126, 33, 'Caitlyn Fay I', 'Et illo et tenetur hic qui in consequuntur placeat. Magnam eos quo ducimus. Ipsa ullam et libero tempora cumque laboriosam quis incidunt.', 2, '2018-07-26 11:37:25', '2018-07-26 11:37:25'),
(127, 34, 'Mr. Amir Champlin', 'Sequi quibusdam atque ad aut fugiat sapiente. Qui dolore eaque laboriosam vero omnis velit mollitia est. Repellat voluptates nihil officia.', 1, '2018-07-26 11:37:25', '2018-07-26 11:37:25'),
(128, 23, 'Neha Lebsack', 'Sint ipsam rerum harum culpa ducimus. Et hic voluptatem dolorem iste voluptas sequi dolorem. Quaerat dolorem ullam ratione officia nihil corrupti consequatur.', 3, '2018-07-26 11:37:25', '2018-07-26 11:37:25'),
(129, 23, 'Trisha Sanford', 'Autem veritatis iure facilis. Qui quidem saepe dolorem ut eveniet totam. Alias quae excepturi quis tempore quisquam.', 3, '2018-07-26 11:37:25', '2018-07-26 11:37:25'),
(130, 24, 'Dayana Hammes', 'Dignissimos explicabo est eveniet voluptas minima. Animi dicta consectetur mollitia praesentium optio eius distinctio. Dolores nam quis ea ab ad quis. Aut dicta cumque sunt consequatur. Perferendis id cupiditate vitae tempore pariatur.', 5, '2018-07-26 11:37:25', '2018-07-26 11:37:25'),
(131, 23, 'Prof. Alvah Volkman V', 'Nihil ratione nobis quo aut ipsa qui vitae. Eveniet similique qui quasi et et dolorem. Ratione ea et neque ab eligendi consequatur.', 1, '2018-07-26 11:37:25', '2018-07-26 11:37:25'),
(132, 20, 'Sunny Johnson', 'Aspernatur laborum minus odit vitae odit non dolores dicta. Aut maiores voluptas voluptatem officiis nam. Cupiditate accusamus beatae inventore et quo et totam.', 0, '2018-07-26 11:37:25', '2018-07-26 11:37:25'),
(133, 7, 'Margarete O\'Kon', 'Sunt sed ipsum iure unde eum quis accusantium. Aperiam architecto incidunt aperiam. Molestiae quaerat nemo repudiandae aut corrupti quas cupiditate. Tenetur atque quod deleniti consectetur dolor dicta eligendi.', 3, '2018-07-26 11:37:25', '2018-07-26 11:37:25'),
(134, 22, 'Adolph Hyatt', 'Impedit sed amet culpa ea et. Quos maxime cumque distinctio hic. At perspiciatis repellat quo voluptas excepturi. Laboriosam ex reprehenderit ex et.', 5, '2018-07-26 11:37:25', '2018-07-26 11:37:25'),
(135, 8, 'Rachel Pfannerstill IV', 'Mollitia rem omnis doloribus ut laudantium. Eum labore nihil minus facilis quos repudiandae quis doloribus. Quis provident voluptas odio sint ipsa mollitia. Qui quam facilis ex.', 0, '2018-07-26 11:37:25', '2018-07-26 11:37:25'),
(136, 7, 'Astrid Jenkins', 'Inventore vel autem temporibus quia. Omnis et est voluptatum iste ipsa consequatur nemo. Non sit quo quam et fuga id sed. Ut ratione dolores autem.', 5, '2018-07-26 11:37:25', '2018-07-26 11:37:25'),
(137, 27, 'Miller Hahn', 'Ratione aut molestiae dolores velit laboriosam id ipsum qui. Consequatur saepe ut vitae numquam. Id velit a voluptate unde.', 4, '2018-07-26 11:37:25', '2018-07-26 11:37:25'),
(138, 47, 'Mr. Rollin Pfeffer', 'Provident fugit rem minus reiciendis repellendus. Voluptas autem aut et eum culpa consequatur. Reiciendis libero natus illum voluptate praesentium quibusdam et.', 2, '2018-07-26 11:37:25', '2018-07-26 11:37:25'),
(139, 30, 'Rex Weissnat II', 'Veniam porro consectetur veritatis magnam deserunt blanditiis. Totam quidem ullam nihil omnis magnam est. Vitae omnis odio voluptatum quasi officiis culpa animi. Voluptatem beatae nemo quas nobis esse accusamus ut.', 4, '2018-07-26 11:37:25', '2018-07-26 11:37:25'),
(140, 39, 'Miss Vernie Mertz', 'Autem ut ducimus quibusdam neque. Impedit ut nulla ratione quisquam aut quibusdam ut cupiditate. Inventore aspernatur dignissimos ipsam eaque quia aut. Minima quia ipsum iusto totam consequatur.', 1, '2018-07-26 11:37:25', '2018-07-26 11:37:25'),
(141, 38, 'Prof. Quinn Dickinson', 'Consequatur quod dolorem dolorem quis vel. Atque soluta provident numquam nesciunt facilis natus dolorem. Omnis qui sint qui molestias quos non. Cum aliquam voluptas quaerat.', 1, '2018-07-26 11:37:25', '2018-07-26 11:37:25'),
(142, 16, 'Annabell Cruickshank', 'Ducimus voluptatibus aut quasi cupiditate et dicta. Amet debitis aut qui qui a molestias voluptatem. Et voluptatem deleniti voluptatem.', 0, '2018-07-26 11:37:25', '2018-07-26 11:37:25'),
(143, 22, 'Colin Upton', 'Aut tempore quo facere necessitatibus hic numquam. Aut sequi et quia velit odio aut ut nostrum. Quia incidunt officia omnis et. Facere tenetur magnam consequatur omnis. Tenetur in eligendi reiciendis expedita odio consequatur et.', 4, '2018-07-26 11:37:25', '2018-07-26 11:37:25'),
(144, 44, 'Mr. Tanner Collier IV', 'Consequatur occaecati et omnis rem. Sed laboriosam impedit rerum quod. Odio aliquam aut magnam occaecati pariatur voluptatibus. Tempore cumque est porro ut. Dolores facilis temporibus facilis velit ullam adipisci reprehenderit.', 2, '2018-07-26 11:37:25', '2018-07-26 11:37:25'),
(145, 14, 'Jose Kuhlman', 'Delectus voluptas iste ut officiis. Sapiente quisquam optio non adipisci reiciendis et. Architecto est eaque et fugit velit architecto. Fugiat doloribus et distinctio doloremque iste nam.', 4, '2018-07-26 11:37:25', '2018-07-26 11:37:25'),
(146, 16, 'Josiah Herman', 'Ipsum explicabo minus neque maiores qui. Voluptatum voluptatibus vel ut dolorem debitis. Quibusdam commodi molestias cupiditate delectus inventore dolore ipsa. Harum enim quo non voluptas.', 5, '2018-07-26 11:37:25', '2018-07-26 11:37:25'),
(147, 29, 'Donald Jaskolski', 'Inventore rerum quia dolore. Vero ut dolore asperiores. In repellendus suscipit veritatis. Corporis velit eos natus et laudantium aspernatur praesentium quibusdam.', 3, '2018-07-26 11:37:25', '2018-07-26 11:37:25'),
(148, 39, 'Mrs. Mireille Maggio DDS', 'Sequi veniam minima earum tenetur iste. Ea repellendus et eum sequi ipsa. Magnam totam dolores tenetur rerum exercitationem harum suscipit. In velit deleniti error non laborum itaque.', 3, '2018-07-26 11:37:25', '2018-07-26 11:37:25'),
(149, 5, 'Elsie Fadel', 'Soluta minima ea nemo eveniet quam veritatis libero. Repellat officia et aut accusamus eaque eveniet a. Vitae non corporis similique quae quia libero illo.', 0, '2018-07-26 11:37:25', '2018-07-26 11:37:25'),
(150, 30, 'Zakary Boyle', 'Architecto quis quaerat et dolores modi non. Dolor asperiores dolores ab eos accusamus.', 2, '2018-07-26 11:37:25', '2018-07-26 11:37:25'),
(151, 50, 'Tamia Abernathy Sr.', 'Nulla molestias adipisci harum reprehenderit nihil. Ipsum adipisci ullam dolores sint.', 2, '2018-07-26 11:37:25', '2018-07-26 11:37:25'),
(152, 44, 'Doris Wilderman', 'Fugit hic rerum nesciunt odit ut sit et. Voluptatem dolor soluta enim explicabo sit quia provident. Repellat et hic voluptate et et ut corporis. Sunt explicabo esse atque reiciendis provident possimus inventore.', 1, '2018-07-26 11:37:25', '2018-07-26 11:37:25'),
(153, 45, 'Henriette Gaylord', 'Cum voluptatibus dignissimos aliquid cupiditate maiores. Molestiae quia beatae tempora nesciunt et qui. Dolorem reprehenderit nostrum quibusdam.', 5, '2018-07-26 11:37:25', '2018-07-26 11:37:25'),
(154, 37, 'Sebastian Deckow I', 'Aspernatur dolores aliquam assumenda placeat et optio. Quam nisi incidunt eos dolores. Molestias laborum dicta aperiam quisquam impedit vitae optio.', 2, '2018-07-26 11:37:25', '2018-07-26 11:37:25'),
(155, 50, 'Alysson Considine', 'Dolorem molestiae distinctio minus sunt repellat. Minima enim voluptas fugit reiciendis dolorem delectus explicabo quis. Est corrupti qui ab. Laboriosam aut rerum adipisci corporis blanditiis.', 4, '2018-07-26 11:37:25', '2018-07-26 11:37:25'),
(156, 34, 'Chaya Toy', 'Provident dolor asperiores repellat dicta. Et soluta omnis vel non. Repudiandae quidem voluptatem vel fugiat.', 2, '2018-07-26 11:37:25', '2018-07-26 11:37:25'),
(157, 7, 'Annette Schroeder', 'Minus quaerat rerum qui impedit officia tempora voluptatem. Recusandae incidunt voluptatum rerum voluptas dolor. In delectus quo delectus molestiae dolorem modi. Repellat et consequatur qui eius. Praesentium vel eos dicta suscipit et.', 4, '2018-07-26 11:37:25', '2018-07-26 11:37:25'),
(158, 34, 'Collin Kuhlman', 'Maiores et nulla incidunt omnis animi maxime a. Exercitationem animi voluptas veritatis. Delectus ea suscipit earum quia et distinctio sit sed.', 0, '2018-07-26 11:37:25', '2018-07-26 11:37:25'),
(159, 44, 'Prof. Deven Bogan', 'Consequatur iste tenetur fugiat voluptas perferendis. Eum eum vero temporibus minus repellat voluptates. Et ut dolorem rem voluptas non voluptatem numquam.', 2, '2018-07-26 11:37:25', '2018-07-26 11:37:25'),
(160, 41, 'Mitchell Wisozk', 'Consequuntur consequatur debitis quia ullam nostrum. Et nesciunt qui quisquam cum a sunt. Enim occaecati sit voluptate non unde. Non laborum mollitia quod laboriosam voluptas omnis.', 5, '2018-07-26 11:37:25', '2018-07-26 11:37:25'),
(161, 2, 'Alvah Nolan', 'Ea nesciunt sed repudiandae qui velit nulla architecto. Ullam aspernatur quasi sed. Doloremque et voluptas perspiciatis et quae cum sit.', 3, '2018-07-26 11:37:25', '2018-07-26 11:37:25'),
(162, 3, 'Estella Purdy', 'Fugiat velit et expedita quibusdam delectus. Quod temporibus accusamus at illum sit illum.', 1, '2018-07-26 11:37:25', '2018-07-26 11:37:25'),
(163, 47, 'Morgan Gulgowski', 'Quia voluptatum doloremque cupiditate corrupti et libero quia itaque. Et qui laborum dolores qui molestiae odio molestiae. Hic deleniti quod aut vero.', 5, '2018-07-26 11:37:25', '2018-07-26 11:37:25'),
(164, 29, 'Holden Grimes DDS', 'Saepe itaque ullam dolorum doloremque itaque incidunt necessitatibus. Quisquam minima a error odio commodi odit sint. Id voluptas doloremque rerum quibusdam. Voluptatem eos natus expedita voluptatem maxime eos vero.', 1, '2018-07-26 11:37:25', '2018-07-26 11:37:25'),
(165, 3, 'Margarette Prosacco', 'Ullam labore ipsum minus iure. Aut et sunt debitis odit. Praesentium numquam quaerat explicabo id. Sit in unde occaecati voluptatem commodi. Et voluptas officiis commodi.', 0, '2018-07-26 11:37:25', '2018-07-26 11:37:25'),
(166, 23, 'Ozella Satterfield', 'Excepturi quaerat quia reprehenderit. Ut laudantium labore harum. Odio dolore aperiam quisquam repellat. Consectetur voluptatem quis modi qui totam.', 3, '2018-07-26 11:37:25', '2018-07-26 11:37:25'),
(167, 7, 'Tristian Miller', 'Recusandae iure et recusandae nihil officiis error reprehenderit vero. Soluta magni dolore quidem voluptate neque. Nulla culpa cupiditate recusandae debitis eius inventore mollitia. Nesciunt qui sit odit qui quis.', 0, '2018-07-26 11:37:25', '2018-07-26 11:37:25'),
(168, 29, 'Mrs. Jacklyn Stokes', 'Et numquam perspiciatis ipsum ut officiis assumenda quia omnis. Natus deserunt pariatur dolores sed ut consequatur. Quia quia ut natus.', 5, '2018-07-26 11:37:25', '2018-07-26 11:37:25'),
(169, 50, 'Ms. Elsa Bergnaum PhD', 'Sed quae molestiae sit vel accusantium in. A error omnis facilis et nulla est ut id. Cupiditate asperiores amet magni voluptatem pariatur molestias quia aliquid.', 4, '2018-07-26 11:37:25', '2018-07-26 11:37:25'),
(170, 42, 'Dr. Gregorio Schiller', 'Error optio molestiae et sint blanditiis vel. Animi est quia qui ipsa magni. Nihil in autem earum sit. Veritatis ut et earum laudantium id aut consequatur.', 2, '2018-07-26 11:37:25', '2018-07-26 11:37:25'),
(171, 41, 'Enid Labadie', 'Rerum amet facilis est sint. Assumenda praesentium quia officiis. Veritatis tenetur ratione aut voluptatem sed et.', 0, '2018-07-26 11:37:25', '2018-07-26 11:37:25'),
(172, 49, 'Neoma Miller', 'Magni numquam et ducimus accusantium nesciunt quas hic. Officia sint officiis earum ut. Distinctio velit nemo aliquam expedita facilis est nobis. Itaque voluptatem accusamus ut ea vel.', 0, '2018-07-26 11:37:25', '2018-07-26 11:37:25'),
(173, 48, 'Bert Parker', 'Et sint nostrum repellendus voluptates voluptas aut quidem. Aliquam sed commodi aperiam et aperiam aut. Nulla ut deserunt cupiditate non beatae voluptatem et. Ratione molestiae molestiae aut eligendi.', 1, '2018-07-26 11:37:25', '2018-07-26 11:37:25'),
(174, 4, 'Sandy Hessel', 'Soluta aliquam est sed dolore. Dolorem velit placeat impedit velit ut. Corporis facilis vel deleniti illum.', 1, '2018-07-26 11:37:25', '2018-07-26 11:37:25'),
(175, 47, 'Nikita Rolfson Sr.', 'Possimus sunt assumenda nisi alias explicabo. Suscipit voluptatem doloribus in eligendi maxime recusandae laboriosam. Minus consequatur laudantium et temporibus doloribus voluptas.', 1, '2018-07-26 11:37:25', '2018-07-26 11:37:25'),
(176, 29, 'Brook Grady', 'Voluptas porro dolorem minima voluptatem distinctio eaque saepe. Ab quia ex est repellat nemo est ad. Omnis sequi asperiores culpa sed et tempora aliquid.', 2, '2018-07-26 11:37:25', '2018-07-26 11:37:25'),
(177, 35, 'Zoey Watsica', 'Placeat ducimus atque est aperiam reprehenderit ea tenetur. Ad omnis et ipsam repellendus. Consectetur a perspiciatis aut consequatur nihil laborum. Pariatur error qui possimus pariatur qui.', 0, '2018-07-26 11:37:25', '2018-07-26 11:37:25'),
(178, 46, 'Antonetta Hand', 'Porro voluptatibus ratione corporis sint. Nobis at sed at eos molestias est qui. Quia voluptatem fugiat commodi quia quia dolorum.', 5, '2018-07-26 11:37:25', '2018-07-26 11:37:25'),
(179, 24, 'Joseph Hill Sr.', 'Magni necessitatibus autem deleniti qui quas nisi. Explicabo quod voluptas qui itaque culpa quia possimus doloribus.', 1, '2018-07-26 11:37:25', '2018-07-26 11:37:25'),
(180, 30, 'Mr. Javonte Turcotte III', 'Et quae eum aut voluptatum enim velit consequuntur. Nesciunt ea laudantium laboriosam ut consequatur id ipsa. Sit ea eum nemo dolorem ratione illo. Quo exercitationem aut iusto harum nesciunt nihil.', 2, '2018-07-26 11:37:25', '2018-07-26 11:37:25'),
(181, 10, 'Prof. Marques Hartmann', 'Nesciunt odit dolor accusamus aut. Officiis dolorum doloremque assumenda reiciendis atque. Tenetur optio qui qui sit. Libero quia ipsum eum et exercitationem delectus tenetur.', 2, '2018-07-26 11:37:26', '2018-07-26 11:37:26'),
(182, 28, 'Ila Koss', 'Qui omnis perferendis delectus. Qui alias voluptas voluptas reiciendis aut quos doloremque expedita. Sint quo nam suscipit excepturi. Nesciunt fugit voluptas eius perspiciatis aspernatur.', 3, '2018-07-26 11:37:26', '2018-07-26 11:37:26'),
(183, 16, 'Casandra Spinka', 'Qui aut sint ut provident harum rem ut. Neque amet ea molestiae sit dignissimos et sed tempore. Nihil est harum omnis blanditiis. Explicabo cum nisi tenetur a explicabo iure.', 3, '2018-07-26 11:37:26', '2018-07-26 11:37:26'),
(184, 11, 'Art Lindgren', 'Autem autem ut ducimus. Vitae molestiae voluptatum qui consectetur quaerat quam quod. Exercitationem aut aut fugit rerum.', 1, '2018-07-26 11:37:26', '2018-07-26 11:37:26'),
(185, 3, 'Collin Reichert', 'Id animi officiis quo quod. Non vitae beatae rerum deserunt et odio. Suscipit dicta sed excepturi delectus et accusantium dolor. Perferendis excepturi ipsa ipsum nihil aspernatur.', 1, '2018-07-26 11:37:26', '2018-07-26 11:37:26'),
(186, 32, 'Misty Stehr I', 'Eum magni aperiam pariatur ut. Ut ipsum cupiditate id sapiente molestiae illo. Rerum et quos cum voluptatem ut incidunt tempora.', 1, '2018-07-26 11:37:26', '2018-07-26 11:37:26'),
(187, 16, 'Jaquelin Powlowski', 'Et sint libero aut sed debitis nulla. Suscipit incidunt quibusdam deleniti dolorem aut. Harum voluptas sunt neque et sapiente provident sunt. Temporibus voluptate deserunt soluta neque consequatur officiis culpa.', 1, '2018-07-26 11:37:26', '2018-07-26 11:37:26'),
(188, 13, 'Dr. Elmira Conn', 'Et natus dolor nihil ipsam aut in. Qui saepe ut et voluptatem. Sit quia sunt repellendus voluptatum tempora est quia. Officia quos laboriosam eos. Illum aut consequatur culpa mollitia consequatur eveniet.', 1, '2018-07-26 11:37:26', '2018-07-26 11:37:26'),
(189, 14, 'Melyssa Hammes', 'Neque laboriosam tempore et omnis similique aliquid. A ullam quasi repellendus nihil est. Quis molestias in inventore omnis et ex voluptatem.', 1, '2018-07-26 11:37:26', '2018-07-26 11:37:26'),
(190, 40, 'Taylor Wilkinson Sr.', 'Quis inventore repellat vitae tempore unde est impedit. Doloribus ea ut atque vitae. Suscipit sint soluta doloribus velit culpa eveniet iste quia.', 3, '2018-07-26 11:37:26', '2018-07-26 11:37:26'),
(191, 16, 'Wava Altenwerth', 'Rerum adipisci officia distinctio facere. Expedita iste ea qui est magnam ut molestias. Quos quia id tenetur eius voluptate.', 3, '2018-07-26 11:37:26', '2018-07-26 11:37:26'),
(192, 14, 'Miss Erna Goyette II', 'Voluptas perferendis dolorem ipsum omnis quia velit et ipsa. Sapiente sed quam dignissimos recusandae sapiente aspernatur.', 3, '2018-07-26 11:37:26', '2018-07-26 11:37:26'),
(193, 46, 'Prof. Winfield Schoen', 'Reiciendis nostrum ex mollitia vel reiciendis ipsa repudiandae repellendus. Rem impedit earum velit quidem. Autem et nostrum illo eos cupiditate eum beatae provident.', 5, '2018-07-26 11:37:26', '2018-07-26 11:37:26'),
(194, 11, 'Brooke Maggio', 'Veniam et quae repudiandae amet adipisci. Alias blanditiis ratione tenetur molestiae nostrum voluptas at. Iusto repellat odit explicabo sapiente et.', 1, '2018-07-26 11:37:26', '2018-07-26 11:37:26'),
(195, 10, 'Patricia Murphy', 'Porro illum quos ea. Et possimus sit assumenda et fugiat ipsam incidunt nihil.', 5, '2018-07-26 11:37:26', '2018-07-26 11:37:26'),
(196, 19, 'Murl Franecki', 'Ratione sit sed sed tempore natus quidem enim. Quae molestiae est qui. Incidunt enim sed ut quia dignissimos tempora eum dolore.', 5, '2018-07-26 11:37:26', '2018-07-26 11:37:26'),
(197, 8, 'Ms. Mariana Reichel', 'Qui enim repellendus rem molestias. Earum praesentium distinctio quia consequatur voluptatem fuga deleniti enim. Vel veniam reprehenderit laboriosam explicabo.', 0, '2018-07-26 11:37:26', '2018-07-26 11:37:26'),
(198, 34, 'Dr. Emilio Welch', 'Illum nam tenetur alias adipisci sint ut. Fuga velit praesentium voluptas quia voluptates a. Iste aspernatur dolor vel sit est culpa fugiat. Vero quo voluptas dicta.', 0, '2018-07-26 11:37:26', '2018-07-26 11:37:26'),
(199, 3, 'Shaylee Boyer III', 'Nihil architecto dolorum praesentium eos. Voluptatem quas fugit dolorem assumenda. Maxime non esse et voluptate est earum. Ducimus sint laborum dolor provident autem labore placeat consequatur.', 2, '2018-07-26 11:37:26', '2018-07-26 11:37:26'),
(200, 9, 'Oda Upton', 'Veniam eius inventore ea amet iste. Ea quo facere soluta cum. Vel nostrum facere ut quia non magni. Consequatur enim labore aliquam nostrum voluptatibus consequatur occaecati dolorem.', 5, '2018-07-26 11:37:26', '2018-07-26 11:37:26'),
(201, 20, 'Dr. Eino Altenwerth IV', 'Sed reiciendis autem doloremque consectetur. Nihil repellat velit accusamus voluptates. Eius voluptatem veritatis ipsum officiis officiis consequuntur. Sit ducimus consectetur cupiditate.', 4, '2018-07-26 11:37:26', '2018-07-26 11:37:26'),
(202, 24, 'Colby Barton', 'Aut provident est accusantium quos quia ea nemo. Et perferendis itaque fugit sit eveniet enim. Nisi quisquam voluptatem dolorum.', 4, '2018-07-26 11:37:26', '2018-07-26 11:37:26'),
(203, 25, 'Idell Block', 'In unde voluptatum deserunt quidem ratione nulla et. Sed aut aliquam iure voluptas et blanditiis aliquid. Tempora voluptas rerum rerum reiciendis magni recusandae. Dolore quis vero aliquam id dolor qui exercitationem repellendus.', 2, '2018-07-26 11:37:26', '2018-07-26 11:37:26'),
(204, 20, 'Anika Nitzsche', 'Autem velit doloremque quis iste quam sapiente. Nihil aliquam et et. Itaque ab ut aliquam minima voluptates exercitationem.', 2, '2018-07-26 11:37:26', '2018-07-26 11:37:26'),
(205, 50, 'Aisha O\'Reilly', 'Saepe suscipit qui iusto officiis quo. Voluptatum quo quasi quam voluptatum quaerat quia et. Quidem velit corrupti similique eos. Eum recusandae doloremque cum rerum quia nulla assumenda.', 5, '2018-07-26 11:37:26', '2018-07-26 11:37:26'),
(206, 22, 'Prof. Aimee Lakin I', 'Sunt et mollitia eum ea. Iure aspernatur nulla cupiditate vel rerum eveniet. Perferendis exercitationem ut necessitatibus cumque corporis aut omnis sit.', 1, '2018-07-26 11:37:26', '2018-07-26 11:37:26'),
(207, 43, 'Mrs. Myra Jast IV', 'Voluptatem vel enim minus. Aut qui voluptatem rem voluptatibus. Dolores soluta aliquam dolor voluptas id voluptatibus. Architecto alias repellat minima cumque voluptates aut.', 4, '2018-07-26 11:37:26', '2018-07-26 11:37:26');
INSERT INTO `reviews` (`id`, `product_id`, `customer`, `review`, `star`, `created_at`, `updated_at`) VALUES
(208, 32, 'Marcelle Paucek Sr.', 'Nihil qui accusantium magni soluta laborum vero non. Omnis labore non eum quam aut et suscipit. Nobis ut expedita ab voluptatem aut qui. Beatae aliquam est consectetur est rem voluptatem distinctio atque.', 5, '2018-07-26 11:37:26', '2018-07-26 11:37:26'),
(209, 29, 'Prof. Jonathan McDermott', 'Itaque qui eos aut omnis. Vel id repudiandae rerum saepe dolor itaque et. Et provident ex ex neque tempore sequi. Inventore eveniet qui voluptatem vel.', 2, '2018-07-26 11:37:26', '2018-07-26 11:37:26'),
(210, 35, 'Mrs. Kiara Padberg', 'Repellat ut sit dolores excepturi molestiae. In repellat at omnis porro praesentium qui labore minima. Maxime cum corporis quis cumque eum neque ipsam. Rerum modi est doloremque et occaecati hic voluptates.', 4, '2018-07-26 11:37:26', '2018-07-26 11:37:26'),
(211, 28, 'Prof. Paul Veum', 'Aut vel eos quia nostrum aut aspernatur non aut. Veniam earum facere est et voluptatibus nobis. Tempora vel nobis possimus ratione velit velit voluptatibus.', 2, '2018-07-26 11:37:26', '2018-07-26 11:37:26'),
(212, 6, 'Cordell Luettgen', 'Quia recusandae fugiat qui. Rerum qui aut illo vero voluptate quo enim. Sed minus ab nobis eum aut in fuga.', 2, '2018-07-26 11:37:26', '2018-07-26 11:37:26'),
(213, 48, 'Myah Heathcote', 'Et ut ratione ipsam exercitationem vel. Nihil ut exercitationem aliquid enim illum. Qui itaque quo non quo.', 0, '2018-07-26 11:37:26', '2018-07-26 11:37:26'),
(214, 13, 'Estella D\'Amore I', 'Sunt id impedit aspernatur nisi excepturi illum autem. Minima aut maxime quae qui dolor maiores. Dolor et velit odio et voluptas dicta omnis.', 5, '2018-07-26 11:37:26', '2018-07-26 11:37:26'),
(215, 4, 'Lawrence Prosacco', 'Est iure ut sed laudantium mollitia ut ea. Autem fuga et mollitia repudiandae ad doloribus est. Soluta dolorem blanditiis tenetur.', 1, '2018-07-26 11:37:26', '2018-07-26 11:37:26'),
(216, 43, 'Santina Legros IV', 'Animi possimus est sint ut. Est dolorum exercitationem consequatur. Tempora ut dolor sint architecto corporis totam. Dolores necessitatibus qui ut placeat earum iste.', 0, '2018-07-26 11:37:26', '2018-07-26 11:37:26'),
(217, 26, 'Nikolas Olson', 'Incidunt eligendi quae nihil ullam molestiae non. Aut natus occaecati qui ipsum. Eum commodi provident quod qui omnis voluptas. Dolore voluptatibus et corporis facere omnis est ipsa.', 5, '2018-07-26 11:37:26', '2018-07-26 11:37:26'),
(218, 50, 'Lowell Tromp V', 'Qui asperiores consequatur voluptatem molestiae. Non saepe doloremque architecto perspiciatis. Saepe molestias ut vel quam quia vitae et. Porro rerum animi atque voluptates id quia fugit.', 1, '2018-07-26 11:37:26', '2018-07-26 11:37:26'),
(219, 42, 'Dr. Cleo Hayes', 'Ut blanditiis expedita dolor ex cumque. Nobis nam vitae voluptas vel et ipsa officia. Dolor quis earum harum consequuntur.', 1, '2018-07-26 11:37:26', '2018-07-26 11:37:26'),
(220, 28, 'Milan Becker PhD', 'Eligendi atque cupiditate dolores odit deleniti aut. Autem quia possimus explicabo. Voluptatibus temporibus eius consequatur quia error et omnis.', 2, '2018-07-26 11:37:26', '2018-07-26 11:37:26'),
(221, 34, 'Hermann Sanford', 'Officiis qui consectetur adipisci. Quis dolore aspernatur aut voluptates et nobis voluptatem. Doloremque repellat expedita occaecati quo et.', 1, '2018-07-26 11:37:26', '2018-07-26 11:37:26'),
(222, 15, 'Bonita Rodriguez', 'Omnis vero atque dolore voluptates assumenda cum et. Ipsum vel quam esse quos qui. Nihil necessitatibus dicta consequatur eum voluptatem eaque commodi.', 2, '2018-07-26 11:37:26', '2018-07-26 11:37:26'),
(223, 50, 'Mohammed Hamill Sr.', 'In fugiat quos blanditiis ea. Optio consequatur cum dolores fugit vero voluptatem vero. Id totam dolorum similique labore ea asperiores.', 0, '2018-07-26 11:37:26', '2018-07-26 11:37:26'),
(224, 34, 'William Connelly', 'Quisquam nulla earum corporis nobis sunt veritatis. Quibusdam id sed numquam quasi numquam dolores.', 1, '2018-07-26 11:37:26', '2018-07-26 11:37:26'),
(225, 20, 'Jasper Anderson', 'Et suscipit aperiam vel ipsam perspiciatis esse non. Doloremque et sed dolore fuga velit qui natus eum. Quia voluptatem possimus hic eveniet praesentium laboriosam. Eum enim officiis ipsam numquam qui consequatur aut.', 4, '2018-07-26 11:37:26', '2018-07-26 11:37:26'),
(226, 37, 'Winnifred Lehner', 'Iure et modi vero et eaque. Voluptates fugit dolor eum. Autem natus quisquam quisquam voluptas dolores ad.', 4, '2018-07-26 11:37:26', '2018-07-26 11:37:26'),
(227, 33, 'Miss Rachel Beier MD', 'Ullam et et porro culpa cupiditate. Quam quo perferendis ut fuga. Et et optio omnis consequuntur quibusdam aut illum. Perspiciatis repellat in non consectetur nostrum.', 0, '2018-07-26 11:37:26', '2018-07-26 11:37:26'),
(228, 2, 'Prof. Darien Mertz', 'Id omnis sit voluptatibus neque. Sit nesciunt reprehenderit occaecati vel cumque. Necessitatibus velit itaque qui error eveniet sit. Quia est vero est nemo.', 1, '2018-07-26 11:37:26', '2018-07-26 11:37:26'),
(229, 7, 'Ms. Alexanne Roberts I', 'Repellendus omnis consequatur sed. Facere rerum occaecati qui. Veritatis nihil fugiat qui optio. Voluptates facere praesentium assumenda velit quam quaerat aut.', 4, '2018-07-26 11:37:26', '2018-07-26 11:37:26'),
(230, 21, 'Mrs. Alia Gulgowski', 'Quasi at aut dolores nulla ad consequatur suscipit. Sed voluptatibus voluptatum excepturi. Magni cupiditate quia soluta et numquam suscipit.', 3, '2018-07-26 11:37:26', '2018-07-26 11:37:26'),
(231, 50, 'Idell Deckow', 'Vero assumenda itaque est. Repellat nihil et libero voluptatem. Quisquam aut et possimus fugit.', 0, '2018-07-26 11:37:26', '2018-07-26 11:37:26'),
(232, 15, 'Carole Rempel', 'Fuga id reprehenderit saepe nostrum. Nihil accusantium consequatur neque consequatur aut id. Inventore fuga reprehenderit aliquam minus dolorem corporis repellendus. Nostrum suscipit officiis ut ut sed aut.', 4, '2018-07-26 11:37:26', '2018-07-26 11:37:26'),
(233, 39, 'Ayla Kihn', 'Tempora quisquam qui omnis non officia earum. Est ipsa minima repudiandae tempore minus reiciendis. Blanditiis officiis nobis ipsam molestiae.', 5, '2018-07-26 11:37:26', '2018-07-26 11:37:26'),
(234, 49, 'Nick Reynolds V', 'Commodi voluptas nihil rerum magni qui. Voluptatibus quis eius ex repellat. Alias occaecati doloribus voluptatum aut ut deserunt molestias earum.', 1, '2018-07-26 11:37:26', '2018-07-26 11:37:26'),
(235, 6, 'Prof. Leopold Maggio', 'Aut atque quia nostrum excepturi repellat quo unde. Et aperiam iure sed quas repellendus. Voluptatem quae et incidunt ipsam id itaque aspernatur. Eum enim dolore aut voluptatum dolorum cupiditate.', 3, '2018-07-26 11:37:26', '2018-07-26 11:37:26'),
(236, 24, 'Jamison Kiehn', 'Architecto officiis voluptates asperiores. Id expedita sed dolor dolore ut nisi iusto. Ut unde enim saepe asperiores neque fugiat soluta excepturi. Omnis recusandae atque harum.', 4, '2018-07-26 11:37:26', '2018-07-26 11:37:26'),
(237, 9, 'Jason Mertz', 'Beatae rem sit molestiae quae. Ea et magnam nihil natus voluptatem quibusdam. Necessitatibus libero ex reprehenderit qui. Sed exercitationem officia iusto inventore aspernatur aut sunt maxime.', 5, '2018-07-26 11:37:26', '2018-07-26 11:37:26'),
(238, 4, 'Constantin Rippin', 'Voluptatum quia beatae ratione est. Voluptatem deleniti eos autem et. Iusto quod fuga adipisci officiis corporis nemo.', 0, '2018-07-26 11:37:26', '2018-07-26 11:37:26'),
(239, 1, 'Joey Nader', 'Consequatur ut molestias eos consectetur quis reprehenderit. Aut nostrum alias dicta facere minus aliquam autem. Officia necessitatibus dolor et est eos omnis rerum.', 1, '2018-07-26 11:37:26', '2018-07-26 11:37:26'),
(240, 45, 'Aurelio Wiza DVM', 'Iste quia ut sapiente adipisci minus. Saepe atque iste numquam ex qui libero facilis sint. Et rem sed labore assumenda qui consectetur odio.', 1, '2018-07-26 11:37:26', '2018-07-26 11:37:26'),
(241, 16, 'Mertie Altenwerth', 'Sit dolorum ex et repudiandae sint aperiam quia. Recusandae aut amet a earum eos tenetur. Cupiditate veritatis doloremque non ut aspernatur reprehenderit.', 4, '2018-07-26 11:37:26', '2018-07-26 11:37:26'),
(242, 29, 'Lauriane Ruecker', 'Fugiat perferendis quis est quisquam. Officiis odit et iste et debitis cum quia. Voluptates consequatur provident reiciendis voluptatem saepe.', 2, '2018-07-26 11:37:26', '2018-07-26 11:37:26'),
(243, 17, 'Mr. Russell McGlynn', 'Cupiditate occaecati velit aut totam consequatur. Quam consequatur sequi delectus qui maiores aut. Officia aliquid alias aspernatur et labore eveniet est consequatur.', 5, '2018-07-26 11:37:26', '2018-07-26 11:37:26'),
(244, 20, 'Coby Reichert V', 'Sunt quia similique nulla. Reiciendis occaecati illo excepturi ipsa fugit aliquid aperiam ea. Quis illum culpa eaque dolores unde. Ipsam esse officia est omnis nemo dolore.', 0, '2018-07-26 11:37:26', '2018-07-26 11:37:26'),
(245, 30, 'Devyn Ullrich', 'Et et voluptas odit. Beatae quo tempore facilis occaecati blanditiis. Ab doloribus praesentium quo distinctio. At explicabo quasi et quis.', 3, '2018-07-26 11:37:26', '2018-07-26 11:37:26'),
(246, 39, 'Prof. Eulalia Denesik DDS', 'Porro consequatur asperiores molestiae voluptatibus. Quas mollitia itaque voluptatem soluta. Deserunt delectus aut aliquam itaque architecto. Ratione libero atque fugit et voluptatibus consequatur.', 5, '2018-07-26 11:37:26', '2018-07-26 11:37:26'),
(247, 3, 'Prof. Scottie Armstrong PhD', 'Ipsam omnis hic aut soluta laborum corrupti alias. Ut aut ut odio veritatis. Facilis tenetur odit non accusamus nam quo labore aut.', 2, '2018-07-26 11:37:26', '2018-07-26 11:37:26'),
(248, 6, 'Chelsea Welch', 'Qui occaecati provident dolor excepturi repellat autem. Maxime rem totam accusamus velit sit eaque laudantium. Quam tempore hic quibusdam cupiditate saepe.', 3, '2018-07-26 11:37:26', '2018-07-26 11:37:26'),
(249, 15, 'Daphne Cummerata V', 'Nemo asperiores quis iusto. Odit iure magni ab perspiciatis harum harum et. Commodi est voluptatem in hic. Qui reiciendis enim voluptates vero.', 3, '2018-07-26 11:37:26', '2018-07-26 11:37:26'),
(250, 29, 'Tony Koelpin', 'Vel reprehenderit neque voluptatem dolores libero sint. Voluptatem fuga placeat nihil assumenda optio est mollitia. Doloribus earum architecto rerum ipsam nisi.', 5, '2018-07-26 11:37:26', '2018-07-26 11:37:26'),
(251, 28, 'Arden Hegmann DVM', 'Ab quis a corporis dicta unde. Vitae voluptas et praesentium qui. At eum vero eos totam eos. Inventore vitae laudantium a qui.', 0, '2018-07-26 11:37:26', '2018-07-26 11:37:26'),
(252, 7, 'Prof. Mayra Hyatt', 'Est doloribus sequi sed sit vero. Maiores at enim unde omnis illo. Nam fuga quia quasi ea laudantium cupiditate sit. Repudiandae dolore tenetur ut et exercitationem ut.', 5, '2018-07-26 11:37:26', '2018-07-26 11:37:26'),
(253, 8, 'Demetrius Schinner', 'Explicabo repellat tenetur ut nisi rerum accusantium aut. Qui maxime sint quisquam perferendis laborum sed asperiores iste. Consequatur consequatur ut cupiditate aliquid consequuntur impedit cupiditate. Laborum vel officia consequatur dicta.', 0, '2018-07-26 11:37:26', '2018-07-26 11:37:26'),
(254, 12, 'Michael Berge', 'Reprehenderit et autem quia vel nesciunt. Aut ipsa voluptas consectetur veritatis. Ut et omnis quasi aut saepe qui.', 0, '2018-07-26 11:37:26', '2018-07-26 11:37:26'),
(255, 31, 'Ms. Yasmeen Stamm', 'Consequatur similique maxime ea ipsam dolor aspernatur dignissimos nemo. Perferendis aliquam nihil animi et est asperiores. Molestiae quae tempore id consectetur rem et. Iure dolores voluptatibus dicta ut.', 3, '2018-07-26 11:37:26', '2018-07-26 11:37:26'),
(256, 38, 'Ismael Monahan IV', 'Voluptatem impedit quas ut quia autem velit. Cumque non maxime rerum dolores. Maiores fugit magnam magni iusto.', 2, '2018-07-26 11:37:26', '2018-07-26 11:37:26'),
(257, 11, 'Jordi Upton', 'Est velit nihil qui blanditiis aperiam. Quo culpa harum delectus error quae. In molestiae voluptatibus nemo tempore earum.', 4, '2018-07-26 11:37:26', '2018-07-26 11:37:26'),
(258, 17, 'Frederique Dietrich', 'Sed aut in occaecati ratione et temporibus. Et sequi quidem nostrum cum qui. Laudantium corporis magnam in consequatur quia aperiam. Odio rerum numquam dolores distinctio aut recusandae.', 1, '2018-07-26 11:37:26', '2018-07-26 11:37:26'),
(259, 37, 'Garrett McLaughlin', 'Enim cumque id odio illum error reprehenderit. Perferendis a totam at magni labore libero. Est voluptatem ipsum magnam doloribus sit aut.', 0, '2018-07-26 11:37:26', '2018-07-26 11:37:26'),
(260, 47, 'Piper Moen V', 'Fugit et corrupti iure et pariatur fugit voluptatem. Assumenda ullam aut ullam a sint voluptas amet molestias. Quis numquam hic ipsa hic a ipsum eum.', 3, '2018-07-26 11:37:26', '2018-07-26 11:37:26'),
(261, 44, 'Prof. Donald Dietrich PhD', 'Qui rerum inventore eaque ab hic distinctio. Quisquam repellendus dolorum totam. Voluptas est asperiores impedit veniam. Et neque accusantium illo iusto cum officiis.', 5, '2018-07-26 11:37:26', '2018-07-26 11:37:26'),
(262, 17, 'Prof. Hassie Conn', 'Sunt consequatur quidem molestiae neque perspiciatis. Est voluptatum necessitatibus sit. Autem et aliquam distinctio voluptas. Itaque maiores possimus illo suscipit et veritatis sit molestiae.', 1, '2018-07-26 11:37:26', '2018-07-26 11:37:26'),
(263, 16, 'Ophelia Lakin DVM', 'Distinctio ex illum quaerat velit praesentium. Recusandae ipsam voluptatem occaecati sint quo quis fugiat. Officiis ducimus necessitatibus quisquam recusandae aperiam corporis. Odit dolore sint sit consequuntur aut.', 4, '2018-07-26 11:37:26', '2018-07-26 11:37:26'),
(264, 25, 'Quincy Sauer', 'Eligendi est consequatur aperiam quam. Delectus nulla magni hic. Dolor beatae id quis qui porro cupiditate aliquam. Ullam iste molestiae voluptates porro velit nulla.', 4, '2018-07-26 11:37:26', '2018-07-26 11:37:26'),
(265, 25, 'Mr. Elliott Corwin MD', 'Vel alias sed voluptatem quia. Assumenda dolor qui tempore veritatis. Impedit eum reprehenderit dolorum omnis sequi sunt accusamus. Quo ut ea aliquid qui recusandae nobis.', 5, '2018-07-26 11:37:26', '2018-07-26 11:37:26'),
(266, 49, 'Zelda Mayer', 'Quae voluptas non qui vel placeat veniam labore. Beatae facilis voluptatem est aspernatur corrupti nemo eum. Ad ut necessitatibus doloribus ex.', 2, '2018-07-26 11:37:26', '2018-07-26 11:37:26'),
(267, 25, 'Dorothea Davis', 'Qui eum officia numquam modi magni dolorem non quia. Et quia officia velit doloribus sequi alias.', 0, '2018-07-26 11:37:26', '2018-07-26 11:37:26'),
(268, 10, 'Cooper Hartmann', 'Inventore et voluptates illo non sit nostrum ut sequi. Sed aut adipisci itaque voluptas amet ipsum fugiat. Ut impedit aliquam et.', 3, '2018-07-26 11:37:26', '2018-07-26 11:37:26'),
(269, 11, 'Willa Padberg PhD', 'Quia cum iste molestiae consequuntur nostrum. Facere ut ut nemo.', 5, '2018-07-26 11:37:26', '2018-07-26 11:37:26'),
(270, 14, 'Elliot Abbott Sr.', 'Aperiam repellat minus at eaque quas. Quia id laboriosam laboriosam error voluptates. Ad nulla accusantium aut reprehenderit qui est.', 1, '2018-07-26 11:37:26', '2018-07-26 11:37:26'),
(271, 18, 'Celestino Kshlerin', 'Ut voluptas eos nulla vel perspiciatis aliquam id. Sit consequatur autem provident dignissimos iusto. Repudiandae alias sequi quidem id ut voluptatem necessitatibus aspernatur. Quidem odio quia facere voluptas id quis.', 5, '2018-07-26 11:37:26', '2018-07-26 11:37:26'),
(272, 48, 'Keaton Harber', 'Sit ullam magnam commodi occaecati et. Occaecati voluptatem incidunt et qui consequatur. Exercitationem provident labore error ratione.', 5, '2018-07-26 11:37:26', '2018-07-26 11:37:26'),
(273, 46, 'Betsy Jacobson', 'Minus et pariatur sint perferendis tempore quaerat vel vitae. Iusto labore ex numquam qui delectus nostrum et. Deserunt provident quos quod laboriosam.', 3, '2018-07-26 11:37:26', '2018-07-26 11:37:26'),
(274, 33, 'Emily Schiller', 'Quia et dolorum et fugit. Atque consequuntur vero tempora repellat enim suscipit corrupti rerum. Modi aut deleniti ab a eius eum a.', 5, '2018-07-26 11:37:26', '2018-07-26 11:37:26'),
(275, 8, 'Molly Littel', 'Omnis explicabo ipsum hic numquam aperiam. Eius sit error optio cum magnam quo. Autem et voluptatum odio amet eius est ipsam illum. Est libero consequatur impedit non voluptatem laboriosam ut enim.', 1, '2018-07-26 11:37:26', '2018-07-26 11:37:26'),
(276, 8, 'Eli Will', 'Rerum vel minus ab aut aut dignissimos. Nostrum voluptate reprehenderit et ab. Temporibus temporibus iure eum repellat culpa fugiat. Quia ea exercitationem nobis enim. Quod doloribus a numquam voluptatibus cupiditate eius aliquam.', 5, '2018-07-26 11:37:26', '2018-07-26 11:37:26'),
(277, 26, 'Prof. Zackary Okuneva V', 'Velit aut quia non quidem sit. Necessitatibus magnam mollitia et et. Quia delectus earum excepturi voluptatem est.', 3, '2018-07-26 11:37:26', '2018-07-26 11:37:26'),
(278, 16, 'Conner Gottlieb', 'Sed rerum quam labore est. Eaque iste magnam saepe minus necessitatibus vero repudiandae. Nihil illo explicabo temporibus ut blanditiis tenetur.', 4, '2018-07-26 11:37:26', '2018-07-26 11:37:26'),
(279, 21, 'Roosevelt Powlowski', 'Rerum ut sit quaerat nisi et. Aut doloremque fugit natus quam sequi libero. Deserunt consequatur tempora in omnis officia. Vero rerum similique est.', 5, '2018-07-26 11:37:26', '2018-07-26 11:37:26'),
(280, 10, 'Prof. Reyna Stracke V', 'Quidem accusantium natus quod laboriosam qui. Consequatur voluptatem quia unde inventore alias et quaerat. Cumque repellat sit distinctio quia molestiae. Iusto placeat quia voluptatibus enim quia dolore et.', 1, '2018-07-26 11:37:26', '2018-07-26 11:37:26'),
(281, 21, 'Dr. Clair Weimann III', 'Molestias explicabo velit eum. Quam ut omnis ipsam suscipit veritatis eos animi saepe.', 1, '2018-07-26 11:37:26', '2018-07-26 11:37:26'),
(282, 16, 'Dr. Jess Weimann', 'Aut beatae repellendus illum repellat cumque. Quis ad ut ut voluptatum magni ipsum. Perferendis hic atque voluptatum asperiores illum quia possimus.', 5, '2018-07-26 11:37:26', '2018-07-26 11:37:26'),
(283, 16, 'Miss Josefa Kshlerin Sr.', 'Et et qui perferendis dignissimos pariatur consequatur itaque placeat. Pariatur accusantium id est quis dolores ex provident. Voluptatum esse placeat dolorem odio reprehenderit assumenda debitis. Ex rem incidunt nihil repellendus.', 5, '2018-07-26 11:37:26', '2018-07-26 11:37:26'),
(284, 49, 'Parker O\'Reilly', 'Enim nulla iste ullam et. Nihil consequuntur ab quo omnis. Facere enim similique dolores autem doloremque vel qui.', 4, '2018-07-26 11:37:26', '2018-07-26 11:37:26'),
(285, 45, 'Shayne Moen', 'Dolores quibusdam et quas aliquid velit. Adipisci temporibus doloribus perferendis eos. Omnis deleniti dolorum quaerat.', 5, '2018-07-26 11:37:26', '2018-07-26 11:37:26'),
(286, 48, 'Abelardo Will', 'Laboriosam ea et excepturi eum incidunt doloremque. Voluptatum sequi consequuntur doloremque ipsa. Eligendi exercitationem alias dolores perferendis eos ad eaque voluptatem.', 1, '2018-07-26 11:37:26', '2018-07-26 11:37:26'),
(287, 24, 'Johnny Sipes', 'Omnis qui odio reprehenderit voluptatem placeat omnis enim animi. Quia maxime fuga ea iste minima quia esse. Qui perferendis dolorem tempora nihil quis nihil eos. Omnis sit voluptates esse illo maxime esse.', 1, '2018-07-26 11:37:26', '2018-07-26 11:37:26'),
(288, 13, 'Mrs. Cassandra Will II', 'Voluptate nam laudantium voluptatem et error excepturi ut et. Voluptatum voluptate facere saepe dicta sequi. Debitis molestiae est animi suscipit aliquam. Nam laborum culpa et fuga.', 5, '2018-07-26 11:37:26', '2018-07-26 11:37:26'),
(289, 24, 'Juliet Yost', 'Id officia totam voluptas nihil et est. Odit eveniet debitis eos necessitatibus sit consequatur.', 1, '2018-07-26 11:37:26', '2018-07-26 11:37:26'),
(290, 46, 'Jordon Steuber PhD', 'Quasi non dolor autem magnam. Voluptatem ducimus dolorem quo molestiae. Eveniet et aut voluptate minima rem tenetur. Nemo voluptatum et cupiditate soluta. Ut voluptatem consectetur qui ut.', 2, '2018-07-26 11:37:26', '2018-07-26 11:37:26'),
(291, 50, 'Wyman Fahey', 'Dicta dicta dolor non est debitis. Architecto dolor ratione laudantium cum et et ratione. Consequatur autem illo sed facere. Qui sed aut minima animi velit.', 3, '2018-07-26 11:37:26', '2018-07-26 11:37:26'),
(292, 37, 'Rickie Zulauf', 'Ut voluptas voluptatem voluptatem esse necessitatibus. Et sed porro qui aut. Ullam omnis ducimus totam doloremque. Qui et facere quasi eius.', 5, '2018-07-26 11:37:26', '2018-07-26 11:37:26'),
(293, 24, 'Freida McClure', 'Facilis esse aut soluta sint cumque cumque. Numquam id suscipit accusantium libero. Tenetur repellendus rerum officia deleniti expedita tempore explicabo modi. Velit dolores iusto vero quis quo eum provident.', 0, '2018-07-26 11:37:26', '2018-07-26 11:37:26'),
(294, 47, 'Dr. Eleanora Weissnat II', 'Dolor illum voluptatem sint autem ullam eum dolorem. Harum molestiae ut est qui. Aut molestiae neque est animi illo a quia. Magni voluptas iusto reprehenderit qui.', 4, '2018-07-26 11:37:26', '2018-07-26 11:37:26'),
(295, 39, 'Rebeka Kozey MD', 'Omnis minima ut exercitationem nihil non occaecati enim. Qui nostrum incidunt ut. Magni vel sit quisquam repudiandae.', 0, '2018-07-26 11:37:26', '2018-07-26 11:37:26'),
(296, 37, 'Edyth Treutel', 'Aut dolor dolor ab et. Enim soluta consequuntur deleniti facilis voluptas officiis. Rerum impedit consequuntur dicta voluptatem natus. Ipsam molestias numquam commodi. Unde voluptatem doloribus eius.', 4, '2018-07-26 11:37:26', '2018-07-26 11:37:26'),
(297, 45, 'Keon Kuphal PhD', 'Distinctio consectetur aut non ut voluptas doloribus. Culpa ad fuga voluptas.', 0, '2018-07-26 11:37:26', '2018-07-26 11:37:26'),
(298, 9, 'Verda Swaniawski', 'Repellat voluptatem esse quis impedit provident quis. Nobis minima autem adipisci dolorem ratione. Molestiae sunt dolores impedit.', 3, '2018-07-26 11:37:26', '2018-07-26 11:37:26'),
(299, 8, 'Jaydon Schuppe', 'Nostrum laboriosam itaque distinctio. Aut consequatur rerum quia et est perspiciatis quia. Dolor natus explicabo quae illum ab sed. Molestiae magnam natus voluptas iusto.', 1, '2018-07-26 11:37:26', '2018-07-26 11:37:26'),
(300, 14, 'Kristy McKenzie', 'Ut sint ut voluptates. At earum eum quis adipisci. Neque perspiciatis non et unde aspernatur hic. Molestiae soluta qui nobis doloremque porro.', 0, '2018-07-26 11:37:26', '2018-07-26 11:37:26');

-- --------------------------------------------------------

--
-- Table structure for table `users`
--

DROP TABLE IF EXISTS `users`;
CREATE TABLE IF NOT EXISTS `users` (
  `id` int(10) UNSIGNED NOT NULL AUTO_INCREMENT,
  `name` varchar(191) COLLATE utf8mb4_unicode_ci NOT NULL,
  `email` varchar(191) COLLATE utf8mb4_unicode_ci NOT NULL,
  `password` varchar(191) COLLATE utf8mb4_unicode_ci NOT NULL,
  `remember_token` varchar(100) COLLATE utf8mb4_unicode_ci DEFAULT NULL,
  `created_at` timestamp NULL DEFAULT NULL,
  `updated_at` timestamp NULL DEFAULT NULL,
  PRIMARY KEY (`id`),
  UNIQUE KEY `users_email_unique` (`email`)
) ENGINE=MyISAM DEFAULT CHARSET=utf8mb4 COLLATE=utf8mb4_unicode_ci;
COMMIT;

/*!40101 SET CHARACTER_SET_CLIENT=@OLD_CHARACTER_SET_CLIENT */;
/*!40101 SET CHARACTER_SET_RESULTS=@OLD_CHARACTER_SET_RESULTS */;
/*!40101 SET COLLATION_CONNECTION=@OLD_COLLATION_CONNECTION */;
